date,adj
2018-07-27,43.81703567504883
2018-07-30,43.52813720703125
2018-07-31,40.928001403808594
2018-08-01,41.40950393676758
2018-08-02,41.361358642578125
2018-08-03,40.73539733886719
2018-08-06,40.928001403808594
2018-08-07,40.446495056152344
2018-08-08,40.446495056152344
2018-08-09,42.276222229003906
2018-08-10,39.48348617553711
2018-08-13,39.48348617553711
2018-08-14,41.40950393676758
2018-08-16,41.98731231689453
2018-08-17,41.361358642578125
2018-08-20,39.57978439331055
2018-08-21,39.77238845825195
2018-08-23,39.48348617553711
2018-08-24,40.2538948059082
2018-08-27,41.0243034362793
2018-08-28,42.13176727294922
2018-08-29,42.13176727294922
2018-08-30,41.794715881347656
2018-08-31,41.794715881347656
2018-09-03,39.57978439331055
2018-09-04,39.48348617553711
2018-09-05,38.52047348022461
2018-09-06,40.39834976196289
2018-09-07,40.446495056152344
2018-09-10,40.35019302368164
2018-09-11,40.39834976196289
2018-09-12,41.55396270751953
2018-09-14,40.2538948059082
2018-09-17,40.446495056152344
2018-09-18,39.48348617553711
2018-09-19,40.897090911865234
2018-09-21,40.94583511352539
2018-09-24,39.9709358215332
2018-09-25,38.99603271484375
2018-09-26,40.702110290527344
2018-09-27,40.94583511352539
2018-09-28,38.02113342285156
2018-10-01,40.65336608886719
2018-10-03,37.53368377685547
2018-10-04,39.48348617553711
2018-10-05,39.48348617553711
2018-10-08,39.48348617553711
2018-10-09,39.9709358215332
2018-10-10,40.01968002319336
2018-10-11,40.01968002319336
2018-10-12,40.01968002319336
2018-10-15,39.9709358215332
2018-10-16,40.06842041015625
2018-10-17,39.92219161987305
2018-10-19,40.01968002319336
2018-10-22,39.9709358215332
2018-10-23,39.9709358215332
2018-10-24,39.9709358215332
2018-10-25,43.87053680419922
2018-10-26,43.773048400878906
2018-10-29,43.773048400878906
2018-10-30,43.773048400878906
2018-10-31,43.773048400878906
2018-11-01,43.773048400878906
2018-11-02,39.873443603515625
2018-11-05,39.873443603515625
2018-11-06,39.873443603515625
2018-11-07,41.433284759521484
2018-11-09,41.433284759521484
2018-11-12,40.99458312988281
2018-11-13,38.99603271484375
2018-11-14,38.99603271484375
2018-11-15,38.99603271484375
2018-11-16,38.99603271484375
2018-11-19,38.99603271484375
2018-11-20,38.99603271484375
2018-11-21,38.99603271484375
2018-11-22,38.99603271484375
2018-11-26,40.7508544921875
2018-11-27,39.873443603515625
2018-11-28,39.9709358215332
2018-11-29,34.70646667480469
2018-11-30,39.5322265625
2018-12-03,39.5322265625
2018-12-04,39.5322265625
2018-12-05,39.5322265625
2018-12-06,39.5322265625
2018-12-07,39.5322265625
2018-12-10,39.5322265625
2018-12-11,39.5322265625
2018-12-12,39.5322265625
2018-12-13,39.9709358215332
2018-12-14,39.9709358215332
2018-12-17,43.96802520751953
2018-12-18,43.96802520751953
2018-12-19,45.23540115356445
2018-12-20,45.820343017578125
2018-12-21,43.626808166503906
2018-12-24,44.35799026489258
2018-12-26,43.626808166503906
2018-12-27,44.16300582885742
2018-12-28,44.309242248535156
2018-12-31,44.35799026489258
2019-01-01,44.35799026489258
2019-01-02,44.35799026489258
2019-01-03,45.08916473388672
2019-01-04,45.08916473388672
2019-01-07,45.332889556884766
2019-01-08,46.40528106689453
2019-01-09,47.13645553588867
2019-01-10,46.9902229309082
2019-01-11,44.455474853515625
2019-01-14,46.210304260253906
2019-01-15,44.35799026489258
2019-01-16,44.35799026489258
2019-01-17,43.82179260253906
2019-01-18,45.08916473388672
2019-01-21,45.23540115356445
2019-01-22,43.52932357788086
2019-01-23,44.845436096191406
2019-01-24,43.383087158203125
2019-01-25,40.01968002319336
2019-01-28,39.9709358215332
2019-01-29,42.164459228515625
2019-01-30,43.383087158203125
2019-01-31,41.0433235168457
2019-02-01,41.433284759521484
2019-02-04,41.67700958251953
2019-02-05,39.9709358215332
2019-02-06,40.99458312988281
2019-02-07,40.01968002319336
2019-02-08,38.31360626220703
2019-02-11,38.84980010986328
2019-02-12,37.97239303588867
2019-02-14,39.04478073120117
2019-02-15,38.02113342285156
2019-02-18,38.02113342285156
2019-02-19,39.92219161987305
2019-02-20,39.92219161987305
2019-02-21,37.82615280151367
2019-02-22,38.118621826171875
2019-02-25,38.99603271484375
2019-02-26,36.217567443847656
2019-02-27,35.09642791748047
2019-02-28,35.68136978149414
2019-03-01,35.68136978149414
2019-03-05,35.291412353515625
2019-03-06,36.558780670166016
2019-03-07,36.12007522583008
2019-03-08,34.41400146484375
2019-03-11,36.07133102416992
2019-03-12,35.58387756347656
2019-03-13,32.46419906616211
2019-03-14,29.92945671081543
2019-03-15,31.196826934814453
2019-03-18,35.63262176513672
2019-03-19,32.56168746948242
2019-03-20,32.56168746948242
2019-03-22,32.56168746948242
2019-03-25,30.70937728881836
2019-03-26,30.70937728881836
2019-03-27,35.09642791748047
2019-03-28,34.85270309448242
2019-04-01,35.04768371582031
2019-04-02,39.72720718383789
2019-04-03,34.12152862548828
2019-04-04,36.07133102416992
2019-04-05,36.07133102416992
2019-04-08,34.12152862548828
2019-04-09,38.50858688354492
2019-04-10,36.217567443847656
2019-04-11,36.217567443847656
2019-04-12,31.196826934814453
2019-04-15,31.196826934814453
2019-04-16,36.9487419128418
2019-04-18,36.85124969482422
2019-04-22,36.85124969482422
2019-04-23,36.363800048828125
2019-04-24,35.973838806152344
2019-04-25,35.973838806152344
2019-04-26,35.58387756347656
2019-04-30,40.84834671020508
2019-05-02,38.16737365722656
2019-05-03,37.436195373535156
2019-05-06,36.558780670166016
2019-05-07,36.363800048828125
2019-05-08,36.363800048828125
2019-05-09,35.58387756347656
2019-05-10,34.998939514160156
2019-05-13,36.9487419128418
2019-05-14,35.68136978149414
2019-05-15,31.391807556152344
2019-05-16,35.04768371582031
2019-05-17,35.04768371582031
2019-05-20,35.04768371582031
2019-05-21,36.80250549316406
2019-05-22,36.80250549316406
2019-05-23,36.80250549316406
2019-05-24,36.80250549316406
2019-05-27,36.80250549316406
2019-05-28,36.80250549316406
2019-05-29,39.77595520019531
2019-05-30,33.14662551879883
2019-05-31,36.65626907348633
2019-06-03,32.31796646118164
2019-06-04,32.31796646118164
2019-06-06,34.60898208618164
2019-06-07,34.267765045166016
2019-06-10,34.267765045166016
2019-06-11,34.267765045166016
2019-06-12,34.267765045166016
2019-06-13,34.12152862548828
2019-06-14,34.12152862548828
2019-06-17,34.12152862548828
2019-06-18,34.60898208618164
2019-06-19,34.60898208618164
2019-06-20,30.416906356811523
2019-06-21,30.416906356811523
2019-06-24,30.416906356811523
2019-06-25,30.173179626464844
2019-06-26,30.173179626464844
2019-06-27,31.196826934814453
2019-06-28,31.196826934814453
2019-07-01,36.705013275146484
2019-07-02,36.705013275146484
2019-07-03,36.705013275146484
2019-07-04,36.705013275146484
2019-07-05,36.705013275146484
2019-07-08,36.705013275146484
2019-07-09,37.046234130859375
2019-07-10,30.221925735473633
2019-07-11,30.221925735473633
2019-07-12,34.12152862548828
2019-07-15,30.026945114135742
2019-07-16,30.026945114135742
2019-07-17,30.026945114135742
2019-07-18,32.171730041503906
2019-07-19,31.196826934814453
2019-07-22,31.196826934814453
2019-07-23,31.196826934814453
2019-07-24,24.957462310791016
2019-07-25,29.92945671081543
2019-07-26,29.92945671081543
2019-07-29,24.957462310791016
2019-07-30,24.372520446777344
2019-07-31,24.372520446777344
2019-08-01,24.372520446777344
2019-08-02,21.447816848754883
2019-08-05,21.447816848754883
2019-08-06,21.447816848754883
2019-08-07,24.2750301361084
2019-08-08,23.397621154785156
2019-08-09,23.397621154785156
2019-08-13,23.397621154785156
2019-08-14,23.397621154785156
2019-08-16,23.397621154785156
2019-08-19,23.397621154785156
2019-08-20,23.397621154785156
2019-08-21,23.397621154785156
2019-08-22,23.397621154785156
2019-08-23,23.397621154785156
2019-08-26,27.979656219482422
2019-08-27,27.979656219482422
2019-08-28,27.979656219482422
2019-08-29,27.979656219482422
2019-08-30,27.833417892456055
2019-09-03,27.297224044799805
2019-09-04,27.78467559814453
2019-09-05,25.83487319946289
2019-09-06,27.589693069458008
2019-09-09,27.589693069458008
2019-09-11,23.397621154785156
2019-09-12,23.397621154785156
2019-09-13,27.54094886779785
2019-09-16,27.54094886779785
2019-09-17,26.32232093811035
2019-09-18,26.8189697265625
2019-09-19,26.8189697265625
2019-09-20,27.31561851501465
2019-09-23,27.31561851501465
2019-09-24,26.32232093811035
2019-09-25,26.32232093811035
2019-09-26,26.32232093811035
2019-09-27,23.83908462524414
2019-09-30,26.32232093811035
2019-10-01,26.32232093811035
2019-10-03,25.676681518554688
2019-10-04,26.8189697265625
2019-10-07,26.8189697265625
2019-10-09,26.8189697265625
2019-10-10,26.8189697265625
2019-10-11,26.8189697265625
2019-10-14,22.84579086303711
2019-10-15,24.832378387451172
2019-10-16,24.683385848999023
2019-10-17,24.832378387451172
2019-10-18,24.93170928955078
2019-10-22,23.342435836791992
2019-10-23,22.84579086303711
2019-10-24,22.84579086303711
2019-10-25,27.31561851501465
2019-10-27,29.79885482788086
2019-10-29,26.8189697265625
2019-10-30,24.93170928955078
2019-10-31,24.832378387451172
2019-11-01,23.590761184692383
2019-11-04,23.590761184692383
2019-11-05,22.994783401489258
2019-11-06,22.994783401489258
2019-11-07,24.33573341369629
2019-11-08,23.342435836791992
2019-11-11,23.342435836791992
2019-11-13,23.342435836791992
2019-11-14,23.342435836791992
2019-11-15,26.8189697265625
2019-11-18,26.8189697265625
2019-11-19,26.8189697265625
2019-11-20,32.18276596069336
2019-11-21,37.000244140625
2019-11-22,34.21902084350586
2019-11-25,31.785446166992188
2019-11-26,29.79885482788086
2019-11-27,32.480751037597656
2019-11-28,29.25254249572754
2019-11-29,29.25254249572754
2019-12-02,29.749191284179688
2019-12-03,28.30891227722168
2019-12-04,29.103548049926758
2019-12-05,30.394832611083984
2019-12-06,29.84851837158203
2019-12-09,28.35857582092285
2019-12-10,27.81226348876953
2019-12-11,29.202877044677734
2019-12-12,29.84851837158203
2019-12-13,28.35857582092285
2019-12-16,28.35857582092285
2019-12-17,28.656566619873047
2019-12-18,27.31561851501465
2019-12-19,27.31561851501465
2019-12-20,27.31561851501465
2019-12-23,27.31561851501465
2019-12-24,28.209583282470703
2019-12-26,29.302209854125977
2019-12-27,30.74248695373535
2019-12-30,30.74248695373535
2019-12-31,30.74248695373535
2020-01-01,30.74248695373535
2020-01-02,32.23242950439453
2020-01-03,31.68611717224121
2020-01-06,31.68611717224121
2020-01-07,31.68611717224121
2020-01-08,31.68611717224121
2020-01-09,31.68611717224121
2020-01-10,33.22572326660156
2020-01-13,34.86465835571289
2020-01-14,36.602928161621094
2020-01-15,36.602928161621094
2020-01-16,40.27811813354492
2020-01-17,38.589515686035156
2020-01-20,39.23516082763672
2020-01-21,40.129127502441406
2020-01-22,39.731807708740234
2020-01-23,39.731807708740234
2020-01-24,39.731807708740234
2020-01-27,39.731807708740234
2020-01-28,37.745216369628906
2020-01-29,39.632476806640625
2020-01-30,37.794883728027344
2020-01-31,37.794883728027344
2020-02-03,37.794883728027344
2020-02-04,39.632476806640625
2020-02-05,39.632476806640625
2020-02-06,39.632476806640625
2020-02-07,39.632476806640625
2020-02-10,38.7385139465332
2020-02-11,36.80158615112305
2020-02-12,34.9639892578125
2020-02-13,36.7022590637207
2020-02-14,36.7022590637207
2020-02-17,36.7022590637207
2020-02-18,38.49018859863281
2020-02-19,38.49018859863281
2020-02-20,38.49018859863281
2020-02-24,38.49018859863281
2020-02-25,38.49018859863281
2020-02-26,38.49018859863281
2020-02-27,38.49018859863281
2020-02-28,38.49018859863281
2020-03-02,38.49018859863281
2020-03-03,38.49018859863281
2020-03-04,36.602928161621094
2020-03-05,36.602928161621094
2020-03-06,35.85795593261719
2020-03-09,34.07002639770508
2020-03-11,34.07002639770508
2020-03-12,32.38142013549805
2020-03-13,32.38142013549805
2020-03-16,33.9210319519043
2020-03-17,35.26197814941406
2020-03-18,33.523712158203125
2020-03-19,33.523712158203125
2020-03-20,30.295503616333008
2020-03-23,29.79885482788086
2020-03-24,29.79885482788086
2020-03-25,28.30891227722168
2020-03-26,28.30891227722168
2020-03-27,28.30891227722168
2020-03-30,28.30891227722168
2020-03-31,28.30891227722168
2020-04-01,28.30891227722168
2020-04-03,28.30891227722168
2020-04-07,25.577350616455078
2020-04-08,25.577350616455078
2020-04-09,25.577350616455078
2020-04-13,25.577350616455078
2020-04-15,25.577350616455078
2020-04-16,24.33573341369629
2020-04-17,24.33573341369629
2020-04-20,24.33573341369629
2020-04-21,24.33573341369629
2020-04-22,24.33573341369629
2020-04-23,24.33573341369629
2020-04-24,24.832378387451172
2020-04-27,24.832378387451172
2020-04-28,24.832378387451172
2020-04-29,26.073999404907227
2020-04-30,26.073999404907227
2020-05-04,26.073999404907227
2020-05-05,26.073999404907227
2020-05-06,26.073999404907227
2020-05-07,24.78271484375
2020-05-08,24.78271484375
2020-05-11,24.78271484375
2020-05-12,24.78271484375
2020-05-13,24.78271484375
2020-05-14,24.78271484375
2020-05-15,25.974668502807617
2020-05-18,25.974668502807617
2020-05-19,25.974668502807617
2020-05-20,25.974668502807617
2020-05-21,25.974668502807617
2020-05-22,25.974668502807617
2020-05-26,24.93170928955078
2020-05-27,25.080703735351562
2020-05-28,25.080703735351562
2020-05-29,25.080703735351562
2020-06-01,25.32902717590332
2020-06-02,26.570646286010742
2020-06-03,26.570646286010742
2020-06-04,26.570646286010742
2020-06-05,26.570646286010742
2020-06-08,26.570646286010742
2020-06-09,26.570646286010742
2020-06-10,26.570646286010742
2020-06-11,27.464611053466797
2020-06-12,28.656566619873047
2020-06-15,28.656566619873047
2020-06-16,28.656566619873047
2020-06-17,28.656566619873047
2020-06-18,28.656566619873047
2020-06-19,28.656566619873047
2020-06-22,28.656566619873047
2020-06-23,30.04718017578125
2020-06-24,30.04718017578125
2020-06-25,31.53712272644043
2020-06-26,30.295503616333008
2020-06-29,30.295503616333008
2020-06-30,30.295503616333008
2020-07-01,31.785446166992188
2020-07-02,33.374717712402344
2020-07-03,35.01365661621094
2020-07-06,36.75191879272461
2020-07-07,38.589515686035156
2020-07-08,38.98683547973633
2020-07-09,38.14253616333008
2020-07-10,38.14253616333008
2020-07-13,38.14253616333008
2020-07-14,38.14253616333008
2020-07-15,37.24856948852539
2020-07-16,38.63918685913086
2020-07-17,39.48348617553711
2020-07-20,37.54655838012695
2020-07-21,37.24856948852539
2020-07-22,37.24856948852539
2020-07-23,37.745216369628906
2020-07-24,37.745216369628906
2020-07-27,37.745216369628906
2020-07-28,37.745216369628906
2020-07-29,37.745216369628906
2020-07-30,38.24186325073242
2020-07-31,36.40427017211914
2020-08-03,37.64588928222656
2020-08-04,37.64588928222656
2020-08-05,37.9935417175293
2020-08-06,36.10627746582031
2020-08-07,35.758628845214844
2020-08-10,35.758628845214844
2020-08-11,36.7022590637207
2020-08-12,37.000244140625
2020-08-13,37.745216369628906
2020-08-14,37.745216369628906
2020-08-17,39.632476806640625
2020-08-18,40.725101470947266
2020-08-19,41.76805877685547
2020-08-20,42.21504592895508
2020-08-21,42.01638412475586
2020-08-24,41.22175216674805
2020-08-25,40.725101470947266
2020-08-26,40.725101470947266
2020-08-27,40.725101470947266
2020-08-28,40.725101470947266
2020-08-31,40.725101470947266
2020-09-01,38.83784103393555
2020-09-02,40.42711639404297
2020-09-03,39.731807708740234
2020-09-04,39.731807708740234
2020-09-07,41.569400787353516
2020-09-08,40.725101470947266
2020-09-09,42.71169662475586
2020-09-10,44.797611236572266
2020-09-11,46.933197021484375
2020-09-14,48.67146682739258
2020-09-15,50.65805435180664
2020-09-16,50.757381439208984
2020-09-17,52.14799880981445
2020-09-18,50.40141677856445
2020-09-21,48.90434265136719
2020-09-22,48.90434265136719
2020-09-23,50.90044021606445
2020-09-24,51.698875427246094
2020-09-25,50.90044021606445
2020-09-28,52.94643783569336
2020-09-29,51.549171447753906
2020-09-30,51.549171447753906
2020-10-01,51.000244140625
2020-10-05,51.000244140625
2020-10-06,49.05405044555664
2020-10-07,49.40336608886719
2020-10-08,49.253658294677734
2020-10-09,47.10785675048828
2020-10-12,47.10785675048828
2020-10-13,47.10785675048828
2020-10-14,47.10785675048828
2020-10-15,48.90434265136719
2020-10-16,48.90434265136719
2020-10-19,47.95619583129883
2020-10-20,50.35151290893555
2020-10-21,50.35151290893555
2020-10-22,50.35151290893555
2020-10-23,50.35151290893555
2020-10-26,50.35151290893555
2020-10-27,50.90044021606445
2020-10-28,53.39555740356445
2020-10-29,56.04038619995117
2020-10-30,58.83491897583008
2020-11-02,61.67935562133789
2020-11-03,61.92886734008789
2020-11-04,62.7772102355957
2020-11-05,63.62554931640625
2020-11-06,66.76940155029297
2020-11-09,70.06295776367188
2020-11-10,72.40837097167969
2020-11-11,74.2048568725586
2020-11-12,77.89763641357422
2020-11-13,81.7900161743164
2020-11-14,84.88397216796875
2020-11-17,88.37713623046875
2020-11-18,92.76853942871094
2020-11-19,97.11005401611328
2020-11-20,101.65116882324219
2020-11-23,102.59931945800781
2020-11-24,97.85858917236328
2020-11-25,92.96815490722656
2020-11-26,88.32723236083984
2020-11-27,87.22938537597656
2020-12-01,91.57088470458984
2020-12-02,96.11200714111328
2020-12-03,99.05624389648438
2020-12-04,103.94668579101562
2020-12-07,103.69717407226562
2020-12-08,100.8028335571289
2020-12-09,95.81259155273438
2020-12-10,92.86835479736328
2020-12-11,95.81259155273438
2020-12-14,99.65507507324219
2020-12-15,98.4574203491211
2020-12-16,101.40165710449219
2020-12-17,106.34200286865234
2020-12-18,110.78330993652344
2020-12-21,107.48974609375
2020-12-22,109.03672790527344
2020-12-23,114.42618560791016
2020-12-24,111.93106842041016
2020-12-28,112.82930755615234
2020-12-29,112.67960357666016
2020-12-30,110.13457489013672
2020-12-31,113.27842712402344
2021-01-01,117.81954956054688
2021-01-04,120.06515502929688
2021-01-05,119.66593933105469
2021-01-06,121.71192932128906
2021-01-07,127.7501220703125
2021-01-08,134.1376190185547
2021-01-11,140.82455444335938
2021-01-12,145.16604614257812
2021-01-13,144.41751098632812
2021-01-14,140.97425842285156
2021-01-15,140.62493896484375
2021-01-18,136.03392028808594
2021-01-19,137.18167114257812
2021-01-20,136.28343200683594
2021-01-21,135.53489685058594
2021-01-22,133.78831481933594
2021-01-25,135.28538513183594
2021-01-27,130.19534301757812
2021-01-28,130.7442626953125
2021-01-29,129.8460235595703
2021-02-01,136.33334350585938
2021-02-02,143.12005615234375
2021-02-03,150.256103515625
2021-02-04,157.741455078125
2021-02-05,171.1652069091797
2021-02-08,169.5683135986328
2021-02-09,163.97926330566406
2021-02-10,178.1016387939453
2021-02-11,178.94998168945312
2021-02-12,181.5948028564453
2021-02-15,177.4029998779297
2021-02-16,186.0860137939453
2021-02-17,186.98426818847656
2021-02-18,188.18191528320312
2021-02-19,183.24159240722656
2021-02-22,183.3413848876953
2021-02-23,183.79049682617188
2021-02-24,185.48719787597656
2021-02-25,185.78659057617188
2021-02-26,183.89031982421875
2021-03-01,181.3951873779297
2021-03-02,177.95193481445312
2021-03-03,178.9000701904297
2021-03-04,183.5908966064453
2021-03-05,183.04196166992188
2021-03-08,198.4119110107422
2021-03-09,199.6594696044922
2021-03-10,201.00682067871094
2021-03-12,208.69180297851562
2021-03-15,203.70156860351562
2021-03-16,201.50584411621094
2021-03-17,195.86688232421875
2021-03-18,184.5889434814453
2021-03-19,182.3932342529297
2021-03-22,196.4158172607422
2021-03-23,196.6653289794922
2021-03-24,192.47352600097656
2021-03-25,184.93826293945312
2021-03-26,193.77098083496094
2021-03-30,204.54989624023438
2021-03-31,201.9050750732422
2021-04-01,206.64581298828125
2021-04-05,203.1027374267578
2021-04-06,217.1752166748047
2021-04-07,220.56857299804688
2021-04-08,222.96388244628906
2021-04-09,221.4169158935547
2021-04-12,209.44033813476562
2021-04-13,208.9912109375
2021-04-15,209.44033813476562
2021-04-16,207.64385986328125
2021-04-19,196.11639404296875
2021-04-20,203.9011688232422
2021-04-22,198.46182250976562
2021-04-23,200.9070281982422
2021-04-26,197.6633758544922
2021-04-27,198.31210327148438
2021-04-28,198.61151123046875
2021-04-29,199.55966186523438
2021-04-30,195.86688232421875
2021-05-03,207.89337158203125
2021-05-04,205.6477508544922
2021-05-05,201.20645141601562
2021-05-06,192.02439880371094
2021-05-07,195.76707458496094
2021-05-10,190.4275360107422
2021-05-11,194.96864318847656
2021-05-12,198.06259155273438
2021-05-14,195.1682586669922
2021-05-17,198.1623992919922
2021-05-18,199.31015014648438
2021-05-19,199.55966186523438
2021-05-20,196.36590576171875
2021-05-21,197.1643524169922
2021-05-24,197.06454467773438
2021-05-25,213.78184509277344
2021-05-26,234.7408447265625
2021-05-27,240.92874145507812
2021-05-28,235.0901641845703
2021-05-31,230.3494415283203
2021-06-01,232.19581604003906
2021-06-02,234.5911407470703
2021-06-03,235.63909912109375
2021-06-04,233.3435821533203
2021-06-07,231.4971923828125
2021-06-08,241.17825317382812
2021-06-09,233.14398193359375
2021-06-10,234.44142150878906
2021-06-11,235.53929138183594
2021-06-14,236.93655395507812
2021-06-15,247.01683044433594
2021-06-16,254.45228576660156
2021-06-17,253.80355834960938
2021-06-18,254.1528778076172
2021-06-21,249.91116333007812
2021-06-22,251.55795288085938
2021-06-23,250.31039428710938
2021-06-24,248.06478881835938
2021-06-25,244.32211303710938
2021-06-28,253.70375061035156
2021-06-29,247.01683044433594
2021-06-30,247.515869140625
2021-07-01,251.258544921875
2021-07-02,249.41213989257812
2021-07-05,250.510009765625
2021-07-06,247.6156768798828
2021-07-07,248.71351623535156
2021-07-08,242.02659606933594
2021-07-09,239.08236694335938
2021-07-12,234.2418212890625
2021-07-13,244.42190551757812
2021-07-14,236.93655395507812
2021-07-15,235.7388916015625
2021-07-16,238.33383178710938
2021-07-19,238.43362426757812
2021-07-20,237.7349853515625
2021-07-22,235.4893798828125
2021-07-23,235.9884033203125
2021-07-26,233.69288635253906
2021-07-27,239.53147888183594
2021-07-28,235.93850708007812
2021-07-29,236.38763427734375
2021-07-30,238.78294372558594
2021-08-02,241.52757263183594
2021-08-03,239.93069458007812
2021-08-04,236.2379150390625
2021-08-05,231.39739990234375
2021-08-06,242.32601928710938
2021-08-09,238.78294372558594
2021-08-10,235.63909912109375
2021-08-11,239.28196716308594
2021-08-12,241.37786865234375
2021-08-13,239.03245544433594
2021-08-16,238.58334350585938
2021-08-17,233.19386291503906
2021-08-18,235.5891876220703
2021-08-20,221.21730041503906
2021-08-23,217.474609375
2021-08-24,218.22314453125
2021-08-25,221.1674041748047
2021-08-26,217.82394409179688
2021-08-27,215.77793884277344
2021-08-30,220.61846923828125
2021-08-31,217.72412109375
2021-09-01,213.5822296142578
2021-09-02,224.31124877929688
2021-09-03,227.45509338378906
2021-09-06,228.45314025878906
2021-09-07,227.1057891845703
2021-09-08,221.9159393310547
2021-09-09,222.31515502929688
2021-09-13,224.71046447753906
2021-09-14,219.32101440429688
2021-09-15,220.56857299804688
2021-09-16,218.87188720703125
2021-09-17,212.484375
2021-09-20,204.5
2021-09-21,206.10000610351562
2021-09-22,210.1999969482422
2021-09-23,216.10000610351562
2021-09-24,210.8000030517578
2021-09-27,211.4499969482422
2021-09-28,211.0500030517578
2021-09-29,214.1999969482422
2021-09-30,210.3000030517578
2021-10-01,215.25
2021-10-04,212.5500030517578
2021-10-05,211.35000610351562
2021-10-06,215.6999969482422
2021-10-07,219.85000610351562
2021-10-08,227.89999389648438
2021-10-11,208.0
2021-10-12,247.39999389648438
2021-10-13,237.3000030517578
2021-10-14,229.39999389648438
2021-10-18,231.5
2021-10-19,225.5500030517578
2021-10-20,218.64999389648438
2021-10-21,214.14999389648438
2021-10-22,208.75
2021-10-25,218.10000610351562
2021-10-26,212.5500030517578
2021-10-27,213.89999389648438
2021-10-28,211.4499969482422
2021-10-29,209.5
2021-11-01,211.14999389648438
2021-11-02,212.3000030517578
2021-11-03,214.4499969482422
2021-11-04,217.85000610351562
2021-11-08,210.1999969482422
2021-11-09,213.3000030517578
2021-11-10,211.1999969482422
2021-11-11,213.85000610351562
2021-11-12,214.6999969482422
2021-11-15,210.25
2021-11-16,210.3000030517578
2021-11-17,210.60000610351562
2021-11-18,210.35000610351562
2021-11-22,208.0
2021-11-23,206.9499969482422
2021-11-24,208.75
2021-11-25,207.0500030517578
2021-11-26,199.9499969482422
2021-11-29,197.39999389648438
2021-11-30,202.10000610351562
2021-12-01,207.39999389648438
2021-12-02,208.8000030517578
2021-12-03,207.89999389648438
2021-12-06,205.0500030517578
2021-12-07,203.85000610351562
2021-12-08,204.14999389648438
2021-12-09,203.0
2021-12-10,203.4499969482422
2021-12-13,201.5500030517578
2021-12-14,204.9499969482422
2021-12-15,203.75
2021-12-16,203.0500030517578
2021-12-17,200.0
2021-12-20,205.0500030517578
2021-12-21,200.89999389648438
2021-12-22,204.5500030517578
2021-12-23,212.8000030517578
2021-12-24,212.5
2021-12-27,208.1999969482422
2021-12-28,217.14999389648438
2021-12-29,217.64999389648438
2021-12-30,223.1999969482422
2021-12-31,230.39999389648438
2022-01-03,232.39999389648438
2022-01-04,237.3000030517578
2022-01-05,263.79998779296875
2022-01-06,263.75
2022-01-07,263.70001220703125
2022-01-10,271.70001220703125
2022-01-11,269.29998779296875
2022-01-12,264.5
2022-01-13,256.1000061035156
2022-01-14,259.45001220703125
2022-01-17,258.20001220703125
2022-01-18,249.5
2022-01-19,250.4499969482422
2022-01-20,251.6999969482422
2022-01-21,245.64999389648438
2022-01-24,233.89999389648438
2022-01-25,233.35000610351562
2022-01-27,231.4499969482422
2022-01-28,228.9499969482422
2022-01-31,227.10000610351562
2022-02-01,243.75
2022-02-02,249.0500030517578
2022-02-03,243.25
2022-02-04,238.6999969482422
2022-02-07,228.4499969482422
2022-02-08,228.35000610351562
2022-02-09,230.5
2022-02-10,225.9499969482422
2022-02-11,222.85000610351562
2022-02-14,213.5
2022-02-15,214.4499969482422
2022-02-16,215.60000610351562
2022-02-17,214.89999389648438
2022-02-18,225.5
2022-02-21,214.0
2022-02-22,213.60000610351562
2022-02-23,217.89999389648438
2022-02-24,206.5500030517578
2022-02-25,211.0
2022-02-28,217.75
2022-03-02,212.85000610351562
2022-03-03,213.35000610351562
2022-03-04,212.85000610351562
2022-03-07,206.9499969482422
2022-03-08,205.0500030517578
2022-03-09,209.6999969482422
2022-03-10,209.5
2022-03-11,217.0500030517578
2022-03-14,224.25
2022-03-15,218.4499969482422
2022-03-16,216.0500030517578
2022-03-17,215.25
2022-03-21,214.6999969482422
2022-03-22,216.75
2022-03-23,212.85000610351562
2022-03-24,212.39999389648438
2022-03-25,211.9499969482422
2022-03-28,225.0
2022-03-29,214.3000030517578
2022-03-30,220.35000610351562
2022-03-31,214.25
2022-04-01,220.89999389648438
2022-04-04,223.64999389648438
2022-04-05,221.89999389648438
2022-04-06,226.75
2022-04-07,226.3000030517578
2022-04-08,224.25
2022-04-11,224.0500030517578
2022-04-12,222.64999389648438
2022-04-13,221.64999389648438
2022-04-18,218.3000030517578
2022-04-19,213.89999389648438
2022-04-20,212.64999389648438
2022-04-21,210.3000030517578
2022-04-22,210.10000610351562
2022-04-25,209.64999389648438
2022-04-26,209.25
2022-04-27,207.5500030517578
2022-04-28,209.0
2022-04-29,207.75
2022-05-02,206.5500030517578
2022-05-04,201.6999969482422
2022-05-05,198.89999389648438
2022-05-06,204.10000610351562
2022-05-09,201.10000610351562
2022-05-10,200.4499969482422
2022-05-11,195.0
2022-05-12,194.60000610351562
2022-05-13,197.6999969482422
2022-05-16,199.5500030517578
2022-05-17,208.10000610351562
2022-05-18,206.5500030517578
2022-05-19,194.25
2022-05-20,193.5
2022-05-23,189.0
2022-05-24,177.39999389648438
2022-05-25,168.85000610351562
2022-05-26,165.0500030517578
2022-05-27,172.9499969482422
2022-05-30,176.6999969482422
2022-05-31,171.14999389648438
2022-06-01,170.85000610351562
2022-06-02,171.5500030517578
2022-06-03,170.6999969482422
2022-06-06,171.6999969482422
2022-06-07,173.9499969482422
2022-06-08,172.64999389648438
2022-06-09,169.14999389648438
2022-06-10,172.8000030517578
2022-06-13,166.10000610351562
2022-06-14,167.60000610351562
2022-06-15,169.75
2022-06-16,166.5
2022-06-17,157.5
2022-06-20,156.89999389648438
2022-06-21,167.1999969482422
2022-06-22,169.75
2022-06-23,170.4499969482422
2022-06-24,170.10000610351562
2022-06-27,168.0500030517578
2022-06-28,173.9499969482422
2022-06-29,168.75
2022-06-30,168.60000610351562
2022-07-01,168.35000610351562
2022-07-04,173.9499969482422
2022-07-05,170.14999389648438
2022-07-06,168.35000610351562
2022-07-07,172.89999389648438
2022-07-08,170.85000610351562
2022-07-11,172.6999969482422
2022-07-12,182.6999969482422
2022-07-13,186.89999389648438
2022-07-14,180.25
2022-07-15,180.8000030517578
2022-07-18,180.64999389648438
2022-07-19,180.5
2022-07-20,178.25
2022-07-21,177.39999389648438
2022-07-22,180.6999969482422
2022-07-25,179.0500030517578
2022-07-26,174.8000030517578
2022-07-27,180.60000610351562
2022-07-28,179.14999389648438
2022-07-29,180.39999389648438
2022-08-01,184.25
2022-08-02,180.35000610351562
2022-08-03,176.35000610351562
2022-08-04,177.60000610351562
2022-08-05,180.8000030517578
2022-08-08,179.1999969482422
2022-08-10,193.5500030517578
2022-08-11,189.14999389648438
2022-08-12,191.0500030517578
2022-08-16,192.10000610351562
2022-08-17,190.0
2022-08-18,185.89999389648438
2022-08-19,189.85000610351562
2022-08-22,184.9499969482422
2022-08-23,184.64999389648438
2022-08-24,180.39999389648438
2022-08-25,182.8000030517578
2022-08-26,182.64999389648438
2022-08-29,176.10000610351562
2022-08-30,177.35000610351562
2022-09-01,178.10000610351562
2022-09-02,177.75
2022-09-05,178.4499969482422
2022-09-06,178.0
2022-09-07,177.10000610351562
2022-09-08,175.60000610351562
2022-09-09,174.6999969482422
2022-09-12,176.8000030517578
2022-09-13,171.10000610351562
2022-09-14,173.14999389648438
2022-09-15,172.25
2022-09-16,170.5500030517578
2022-09-19,168.5500030517578
2022-09-20,167.4499969482422
2022-09-21,172.5
2022-09-22,172.35000610351562
2022-09-23,168.6999969482422
2022-09-26,166.35000610351562
2022-09-27,164.60000610351562
2022-09-28,160.39999389648438
2022-09-29,157.60000610351562
2022-09-30,161.85000610351562
2022-10-03,160.5500030517578
2022-10-04,161.0500030517578
2022-10-06,160.9499969482422
2022-10-07,160.10000610351562
2022-10-10,160.8000030517578
2022-10-11,159.3000030517578
2022-10-12,158.64999389648438
2022-10-13,156.5500030517578
2022-10-14,158.9499969482422
2022-10-17,157.39999389648438
2022-10-18,154.75
2022-10-19,153.25
2022-10-20,172.60000610351562
2022-10-21,170.85000610351562
2022-10-24,174.89999389648438
2022-10-25,170.6999969482422
2022-10-27,169.5500030517578
2022-10-28,165.75
2022-10-31,167.60000610351562
2022-11-01,166.39999389648438
2022-11-02,165.8000030517578
2022-11-03,164.64999389648438
2022-11-04,163.3000030517578
2022-11-07,159.64999389648438
2022-11-09,161.3000030517578
2022-11-10,162.60000610351562
2022-11-11,160.10000610351562
2022-11-14,160.64999389648438
2022-11-15,158.25
2022-11-16,156.6999969482422
2022-11-17,156.14999389648438
2022-11-18,157.0
2022-11-21,156.75
2022-11-22,155.64999389648438
2022-11-23,153.85000610351562
2022-11-24,153.0
2022-11-25,153.85000610351562
2022-11-28,153.64999389648438
2022-11-29,151.35000610351562
2022-11-30,150.6999969482422
2022-12-01,150.89999389648438
2022-12-02,150.3000030517578
2022-12-05,154.25
2022-12-06,153.6999969482422
2022-12-07,150.25
2022-12-08,149.5
2022-12-09,144.39999389648438
2022-12-12,150.0500030517578
2022-12-13,151.0500030517578
2022-12-14,148.5500030517578
2022-12-15,146.85000610351562
2022-12-16,145.60000610351562
2022-12-19,146.89999389648438
2022-12-20,145.0
2022-12-21,140.4499969482422
2022-12-22,138.35000610351562
2022-12-23,131.9499969482422
2022-12-26,134.39999389648438
2022-12-27,142.5500030517578
2022-12-28,139.89999389648438
2022-12-29,138.5500030517578
2022-12-30,137.9499969482422
2023-01-02,140.0500030517578
2023-01-03,137.5500030517578
2023-01-04,138.64999389648438
2023-01-05,142.60000610351562
2023-01-06,138.89999389648438
2023-01-09,161.85000610351562
2023-01-10,154.9499969482422
2023-01-11,150.39999389648438
2023-01-12,147.5500030517578
2023-01-13,158.39999389648438
2023-01-16,151.10000610351562
2023-01-17,151.89999389648438
2023-01-18,153.14999389648438
2023-01-19,153.10000610351562
2023-01-20,156.5500030517578
2023-01-23,154.10000610351562
2023-01-24,152.5500030517578
2023-01-25,150.4499969482422
2023-01-27,149.9499969482422
2023-01-30,148.5
2023-01-31,159.14999389648438
2023-02-01,152.6999969482422
2023-02-02,149.8000030517578
2023-02-03,151.10000610351562
2023-02-06,150.39999389648438
2023-02-07,146.85000610351562
2023-02-08,146.1999969482422
2023-02-09,158.35000610351562
2023-02-10,152.85000610351562
2023-02-13,150.35000610351562
2023-02-14,150.60000610351562
2023-02-15,147.0500030517578
2023-02-16,152.8000030517578
2023-02-17,149.60000610351562
2023-02-20,148.85000610351562
2023-02-21,146.64999389648438
2023-02-22,144.14999389648438
2023-02-23,146.0500030517578
2023-02-24,146.6999969482422
2023-02-27,142.14999389648438
2023-02-28,142.4499969482422
2023-03-01,147.75
2023-03-02,148.5
2023-03-03,148.35000610351562
2023-03-06,146.0
2023-03-08,146.5500030517578
2023-03-09,144.75
2023-03-10,143.10000610351562
2023-03-13,139.14999389648438
2023-03-14,140.9499969482422
2023-03-15,140.10000610351562
2023-03-16,136.8000030517578
2023-03-17,137.64999389648438
2023-03-20,140.10000610351562
2023-03-21,136.60000610351562
2023-03-22,137.0500030517578
2023-03-23,138.5
2023-03-24,139.10000610351562
2023-03-27,133.14999389648438
2023-03-28,135.39999389648438
2023-03-29,132.85000610351562
2023-03-31,135.0
2023-04-03,140.9499969482422
2023-04-05,142.4499969482422
2023-04-06,156.8000030517578
2023-04-10,161.14999389648438
2023-04-11,165.14999389648438
2023-04-12,160.0
2023-04-13,158.60000610351562
2023-04-17,157.0
2023-04-18,159.75
2023-04-19,162.89999389648438
2023-04-20,176.75
2023-04-21,182.5
2023-04-24,193.10000610351562
2023-04-25,197.6999969482422
2023-04-26,198.14999389648438
2023-04-27,188.8000030517578
2023-04-28,183.14999389648438
2023-05-02,182.25
2023-05-03,179.14999389648438
2023-05-04,184.39999389648438
2023-05-05,181.60000610351562
2023-05-08,183.10000610351562
2023-05-09,182.8000030517578
2023-05-10,183.85000610351562
2023-05-11,182.60000610351562
2023-05-12,181.64999389648438
2023-05-15,180.4499969482422
2023-05-16,184.9499969482422
2023-05-17,189.8000030517578
2023-05-18,188.5500030517578
2023-05-19,186.0
2023-05-22,185.3000030517578
2023-05-23,185.5500030517578
2023-05-24,185.0500030517578
2023-05-25,177.14999389648438
2023-05-26,174.6999969482422
2023-05-29,176.5500030517578
2023-05-30,172.0500030517578
2023-05-31,171.35000610351562
2023-06-01,169.1999969482422
2023-06-02,177.0500030517578
2023-06-05,175.25
2023-06-06,176.0
2023-06-07,176.10000610351562
2023-06-08,176.10000610351562
2023-06-09,174.3000030517578
2023-06-12,171.1999969482422
2023-06-13,171.14999389648438
2023-06-14,172.35000610351562
2023-06-15,171.39999389648438
2023-06-16,170.64999389648438
2023-06-19,170.1999969482422
2023-06-20,169.5500030517578
2023-06-21,173.25
2023-06-22,171.89999389648438
2023-06-23,169.9499969482422
2023-06-26,168.0500030517578
2023-06-27,169.14999389648438
2023-06-28,173.5500030517578
2023-06-30,175.0500030517578
2023-07-03,172.3000030517578
2023-07-04,170.8000030517578
2023-07-05,171.1999969482422
2023-07-06,172.0
2023-07-07,171.0500030517578
2023-07-10,172.0500030517578
2023-07-11,181.1999969482422
2023-07-12,180.10000610351562
2023-07-13,179.85000610351562
2023-07-14,182.0500030517578
2023-07-17,183.9499969482422
2023-07-18,186.75
2023-07-19,202.6999969482422
2023-07-20,204.3000030517578
2023-07-21,201.60000610351562
2023-07-24,197.39999389648438
2023-07-25,190.0
2023-07-26,187.9499969482422
2023-07-27,189.1999969482422
2023-07-28,187.25
2023-07-31,193.39999389648438
2023-08-01,197.10000610351562
2023-08-02,192.75
2023-08-03,191.5
2023-08-04,189.85000610351562
2023-08-07,187.5500030517578
2023-08-08,188.0500030517578
2023-08-09,186.60000610351562
2023-08-10,185.14999389648438
2023-08-11,179.35000610351562
2023-08-14,181.39999389648438
2023-08-16,181.14999389648438
2023-08-17,181.89999389648438
2023-08-18,180.9499969482422
2023-08-21,185.25
2023-08-22,188.10000610351562
2023-08-23,187.0500030517578
2023-08-24,188.0500030517578
2023-08-25,186.75
2023-08-28,188.60000610351562
2023-08-29,190.4499969482422
2023-08-30,187.3000030517578
2023-08-31,185.0500030517578
2023-09-01,185.85000610351562
2023-09-04,184.9499969482422
2023-09-05,185.0
2023-09-06,183.0500030517578
2023-09-07,184.10000610351562
2023-09-08,201.75
2023-09-11,203.5500030517578
2023-09-12,188.9499969482422
2023-09-13,194.0
2023-09-14,193.35000610351562
2023-09-15,194.6999969482422
2023-09-18,190.35000610351562
2023-09-20,184.10000610351562
2023-09-21,189.5
2023-09-22,188.60000610351562
2023-09-25,184.64999389648438
2023-09-26,185.35000610351562
2023-09-27,185.14999389648438
2023-09-28,186.60000610351562
2023-09-29,187.35000610351562
2023-10-03,181.64999389648438
2023-10-04,180.6999969482422
2023-10-05,183.3000030517578
2023-10-06,188.3000030517578
2023-10-09,182.85000610351562
2023-10-10,189.9499969482422
2023-10-11,186.3000030517578
2023-10-12,187.60000610351562
2023-10-13,187.0
2023-10-16,188.14999389648438
2023-10-17,200.60000610351562
2023-10-18,197.4499969482422
2023-10-19,200.10000610351562
2023-10-20,201.8000030517578
2023-10-23,196.89999389648438
2023-10-25,198.0500030517578
2023-10-26,193.5500030517578
2023-10-27,215.60000610351562
2023-10-30,220.3000030517578
2023-10-31,216.60000610351562
2023-11-01,213.64999389648438
2023-11-02,219.0500030517578
2023-11-03,223.1999969482422
2023-11-06,220.9499969482422
2023-11-07,218.14999389648438
2023-11-08,218.75
2023-11-09,214.10000610351562
2023-11-10,210.25
2023-11-13,215.0
2023-11-15,211.60000610351562
2023-11-16,214.9499969482422
2023-11-17,214.0
2023-11-20,220.25
2023-11-21,215.85000610351562
2023-11-22,214.5500030517578
2023-11-23,215.0500030517578
2023-11-24,228.25
2023-11-28,234.0
2023-11-29,228.64999389648438
2023-11-30,225.85000610351562
2023-12-01,220.0
2023-12-04,224.64999389648438
2023-12-05,221.0
2023-12-06,218.25
2023-12-07,217.0500030517578
2023-12-08,218.64999389648438
2023-12-11,214.6999969482422
2023-12-12,213.5500030517578
2023-12-13,211.39999389648438
2023-12-14,216.1999969482422
2023-12-15,213.64999389648438
2023-12-18,211.10000610351562
2023-12-19,210.8000030517578
2023-12-20,199.25
2023-12-21,204.60000610351562
2023-12-22,209.6999969482422
2023-12-26,202.60000610351562
2023-12-27,200.0
2023-12-28,205.14999389648438
2023-12-29,204.75
2024-01-01,202.0
2024-01-02,201.89999389648438
2024-01-03,204.3000030517578
2024-01-04,204.0500030517578
2024-01-05,206.3000030517578
2024-01-08,202.60000610351562
2024-01-09,200.1999969482422
2024-01-10,200.60000610351562
2024-01-11,202.0500030517578
2024-01-12,204.39999389648438
2024-01-15,204.39999389648438
2024-01-16,198.60000610351562
2024-01-17,199.8000030517578
2024-01-18,196.6999969482422
2024-01-19,201.75
2024-01-23,193.4499969482422
2024-01-24,193.35000610351562
2024-01-25,195.4499969482422
2024-01-29,197.0500030517578
2024-01-30,199.39999389648438
2024-01-31,202.64999389648438
2024-02-01,198.6999969482422
2024-02-02,197.6999969482422
2024-02-05,195.1999969482422
2024-02-06,193.5500030517578
2024-02-07,196.14999389648438
2024-02-08,196.5500030517578
2024-02-09,195.25
2024-02-12,188.35000610351562
2024-02-13,184.14999389648438
2024-02-14,190.5
2024-02-15,192.39999389648438
2024-02-16,193.1999969482422
2024-02-19,196.5500030517578
2024-02-20,194.0500030517578
2024-02-21,197.6999969482422
2024-02-22,223.6999969482422
2024-02-23,223.60000610351562
2024-02-26,216.14999389648438
2024-02-27,214.85000610351562
2024-02-28,207.89999389648438
2024-02-29,207.75
2024-03-01,210.6999969482422
2024-03-04,210.85000610351562
2024-03-05,199.0500030517578
2024-03-06,200.85000610351562
2024-03-07,201.60000610351562
2024-03-11,192.9499969482422
2024-03-12,186.3000030517578
2024-03-13,174.9499969482422
2024-03-14,173.75
2024-03-15,181.35000610351562
2024-03-18,183.0
2024-03-19,179.39999389648438
2024-03-20,179.3000030517578
2024-03-21,180.0500030517578
2024-03-22,180.6999969482422
2024-03-26,174.10000610351562
2024-03-27,169.60000610351562
2024-03-28,172.14999389648438
2024-04-01,180.89999389648438
2024-04-02,186.6999969482422
2024-04-03,187.0
2024-04-04,189.10000610351562
2024-04-05,198.64999389648438
2024-04-08,189.4499969482422
2024-04-09,187.64999389648438
2024-04-10,186.64999389648438
2024-04-12,183.9499969482422
2024-04-15,180.5500030517578
2024-04-16,180.5
2024-04-18,178.8000030517578
2024-04-19,182.14999389648438
2024-04-22,190.4499969482422
2024-04-23,185.35000610351562
2024-04-24,183.14999389648438
2024-04-25,182.10000610351562
2024-04-26,183.0500030517578
2024-04-29,182.9499969482422
2024-04-30,183.9499969482422
2024-05-02,211.0500030517578
2024-05-03,204.14999389648438
2024-05-06,198.39999389648438
2024-05-07,195.4499969482422
2024-05-08,193.9499969482422
2024-05-09,187.60000610351562
2024-05-10,186.25
2024-05-13,188.39999389648438
2024-05-14,193.60000610351562
2024-05-15,194.6999969482422
2024-05-16,197.6999969482422
2024-05-17,196.10000610351562
2024-05-21,190.5
2024-05-22,187.64999389648438
2024-05-23,187.5
2024-05-24,186.60000610351562
2024-05-27,182.6999969482422
2024-05-28,183.35000610351562
2024-05-29,182.64999389648438
2024-05-30,181.3000030517578
2024-05-31,181.10000610351562
2024-06-03,181.25
2024-06-04,167.4499969482422
2024-06-05,174.0
2024-06-06,179.75
2024-06-07,183.5
2024-06-10,182.1300048828125
2024-06-11,183.7899932861328
2024-06-12,189.6199951171875
2024-06-13,195.08999633789062
2024-06-14,191.3300018310547
2024-06-18,186.3699951171875
2024-06-19,185.2100067138672
2024-06-20,185.17999267578125
2024-06-21,182.88999938964844
2024-06-24,181.52999877929688
2024-06-25,182.7100067138672
2024-06-26,181.5399932861328
2024-06-27,180.8699951171875
2024-06-28,179.8699951171875
2024-07-01,179.35000610351562
2024-07-02,181.60000610351562
2024-07-03,184.74000549316406
2024-07-04,182.97000122070312
2024-07-05,185.14999389648438
2024-07-08,182.3699951171875
2024-07-09,185.50999450683594
2024-07-10,183.52999877929688
2024-07-11,182.9199981689453
2024-07-12,180.77999877929688
2024-07-15,178.64999389648438
2024-07-16,179.66000366210938
2024-07-18,177.86000061035156
2024-07-19,173.00999450683594
2024-07-22,175.07000732421875
2024-07-23,170.22000122070312
2024-07-24,172.13999938964844
2024-07-25,174.1699981689453
2024-07-26,183.25999450683594
2024-07-29,190.30999755859375
2024-07-30,183.0800018310547
2024-07-31,184.80999755859375
2024-08-01,183.5399932861328
2024-08-02,177.66000366210938
2024-08-05,170.91000366210938
2024-08-06,170.72999572753906
2024-08-07,173.47000122070312
2024-08-08,172.64999389648438
2024-08-09,175.38999938964844
2024-08-12,172.6300048828125
2024-08-13,171.97000122070312
2024-08-14,170.35000610351562
2024-08-16,171.83999633789062
2024-08-19,171.1999969482422
2024-08-20,176.60000610351562
2024-08-21,177.05999755859375
2024-08-22,182.80999755859375
2024-08-23,180.74000549316406
2024-08-26,192.27000427246094
2024-08-27,198.55999755859375
2024-08-28,196.41000366210938
2024-08-29,188.88999938964844
2024-08-30,195.11000061035156
2024-09-02,188.6199951171875
2024-09-03,195.36000061035156
2024-09-04,193.27999877929688
2024-09-05,199.63999938964844
2024-09-06,196.83999633789062
2024-09-09,210.8800048828125
2024-09-10,211.11000061035156
2024-09-11,209.16000366210938
2024-09-12,202.08999633789062
2024-09-13,207.74000549316406
2024-09-16,210.4199981689453
2024-09-17,209.64999389648438
2024-09-18,205.5800018310547
2024-09-19,204.52999877929688
2024-09-20,201.32000732421875
2024-09-23,201.74000549316406
2024-09-24,195.38999938964844
2024-09-25,193.97000122070312
2024-09-26,219.50999450683594
2024-09-27,213.77000427246094
2024-09-30,209.82000732421875
2024-10-01,204.77999877929688
2024-10-03,201.72000122070312
2024-10-04,193.16000366210938
2024-10-07,188.49000549316406
2024-10-08,192.35000610351562
2024-10-09,196.97999572753906
2024-10-10,193.89999389648438
2024-10-11,192.88999938964844
2024-10-14,194.05999755859375
2024-10-15,213.02999877929688
2024-10-16,211.0
2024-10-17,204.85000610351562
2024-10-18,202.6300048828125
2024-10-21,210.25
2024-10-22,198.3300018310547
2024-10-23,197.3000030517578
2024-10-24,194.9499969482422
2024-10-25,189.66000366210938
2024-10-28,196.86000061035156
2024-10-29,194.3800048828125
2024-10-30,200.1999969482422
2024-10-31,197.14999389648438
2024-11-01,204.0399932861328
2024-11-04,200.9499969482422
2024-11-05,198.8000030517578
2024-11-06,203.22000122070312
2024-11-07,204.0500030517578
2024-11-08,200.6999969482422
2024-11-11,194.97999572753906
2024-11-12,192.2899932861328
2024-11-13,189.16000366210938
2024-11-14,188.02000427246094
2024-11-18,189.8699951171875
2024-11-19,192.7899932861328
2024-11-21,183.66000366210938
2024-11-22,186.19000244140625
2024-11-25,185.47999572753906
2024-11-26,189.85000610351562
2024-11-27,192.9600067138672
2024-11-28,204.64999389648438
2024-11-29,206.07000732421875
2024-12-02,222.35000610351562
2024-12-03,226.13999938964844
2024-12-04,219.25999450683594
2024-12-05,218.14999389648438
2024-12-06,218.14999389648438
2024-12-09,224.72000122070312
2024-12-10,222.57000732421875
2024-12-11,221.38999938964844
2024-12-12,221.1199951171875
2024-12-13,260.32000732421875
2024-12-16,255.85000610351562
2024-12-17,292.5799865722656
2024-12-18,305.0799865722656
2024-12-19,289.260009765625
2024-12-20,290.0199890136719
2024-12-23,301.4800109863281
2024-12-24,288.95001220703125
2024-12-26,294.1600036621094
2024-12-27,292.0799865722656
2024-12-30,298.19000244140625
2024-12-31,306.8999938964844
2025-01-01,317.0
2025-01-02,332.8500061035156
2025-01-03,344.20001220703125
2025-01-06,327.0
2025-01-07,326.8999938964844
2025-01-08,316.8500061035156
2025-01-09,308.25
2025-01-10,312.1000061035156
2025-01-13,321.3500061035156
2025-01-14,324.45001220703125
2025-01-15,329.3999938964844
2025-01-16,326.3500061035156
2025-01-17,317.1499938964844
2025-01-20,321.1499938964844
2025-01-21,315.3500061035156
2025-01-22,301.1499938964844
2025-01-23,313.5
2025-01-24,303.45001220703125
2025-01-27,288.3999938964844
2025-01-28,275.6000061035156
2025-01-29,286.8999938964844
2025-01-30,298.79998779296875
2025-01-31,302.0
2025-02-01,301.1499938964844
2025-02-03,293.1499938964844
2025-02-04,285.45001220703125
2025-02-05,283.5
2025-02-06,271.3500061035156
2025-02-07,277.8999938964844
2025-02-10,272.54998779296875
2025-02-11,258.95001220703125
2025-02-12,250.25
2025-02-13,249.75
2025-02-14,237.89999389648438
2025-02-17,228.25
2025-02-18,216.85000610351562
2025-02-19,223.4499969482422
2025-02-20,231.75
2025-02-21,243.10000610351562
2025-02-24,234.14999389648438
2025-02-25,227.39999389648438
2025-02-27,220.0500030517578
2025-02-28,209.0500030517578
2025-03-03,198.58999633789062
2025-03-04,194.36000061035156
2025-03-05,198.32000732421875
2025-03-06,193.38999938964844
2025-03-07,195.22000122070312
2025-03-10,190.13999938964844
2025-03-11,180.77999877929688
2025-03-12,172.69000244140625
2025-03-13,170.75
2025-03-17,166.08999633789062
2025-03-18,166.08999633789062
2025-03-19,175.77999877929688
2025-03-20,183.61000061035156
2025-03-21,177.94000244140625
2025-03-24,183.3699951171875
2025-03-25,174.1999969482422
2025-03-26,165.49000549316406
2025-03-27,157.2100067138672
2025-03-28,158.8300018310547
2025-04-01,166.77000427246094
2025-04-02,174.25
2025-04-03,177.14999389648438
2025-04-04,174.8300018310547
2025-04-07,173.97000122070312
2025-04-08,173.97000122070312
2025-04-09,170.9499969482422
2025-04-11,178.99000549316406
2025-04-15,183.3300018310547
2025-04-16,181.50999450683594
2025-04-17,184.4199981689453
2025-04-21,182.75
2025-04-22,180.66000366210938
2025-04-23,178.02000427246094
2025-04-24,178.99000549316406
2025-04-25,173.72999572753906
2025-04-28,179.97999572753906
2025-04-29,178.00999450683594
2025-04-30,174.22999572753906
2025-05-02,174.92999267578125
2025-05-05,171.4600067138672
2025-05-06,161.0399932861328
2025-05-07,163.17999267578125
2025-05-08,163.13999938964844
2025-05-09,161.30999755859375
2025-05-12,171.0
2025-05-13,169.91000366210938
2025-05-14,173.25
2025-05-15,207.89999389648438
2025-05-16,220.39999389648438
2025-05-19,208.52999877929688
2025-05-20,198.60000610351562
2025-05-21,203.9199981689453
2025-05-22,205.0800018310547
2025-05-23,203.64999389648438
2025-05-26,207.9199981689453
2025-05-27,206.75999450683594
2025-05-28,201.07000732421875
2025-05-29,195.9499969482422
2025-05-30,195.32000732421875
2025-06-02,192.10000610351562
2025-06-03,186.1300048828125
2025-06-04,179.33999633789062
2025-06-05,180.94000244140625
2025-06-06,192.16000366210938
2025-06-09,190.67999267578125
2025-06-10,189.6699981689453
2025-06-11,190.16000366210938
2025-06-12,188.27000427246094
2025-06-13,185.92999267578125
2025-06-16,182.63999938964844
2025-06-17,181.97000122070312
2025-06-18,180.97999572753906
2025-06-19,177.07000732421875
2025-06-20,177.97000122070312
2025-06-23,180.07000732421875
2025-06-24,180.1199951171875
2025-06-25,180.5399932861328
2025-06-26,178.5800018310547
2025-06-27,180.97000122070312
2025-06-30,178.77000427246094
2025-07-01,179.32000732421875
2025-07-02,179.80999755859375
2025-07-03,180.52000427246094
2025-07-04,175.02999877929688
2025-07-07,172.86000061035156
2025-07-08,169.44000244140625
2025-07-09,172.47999572753906
2025-07-10,173.55999755859375
2025-07-11,172.38999938964844
2025-07-14,170.38999938964844
2025-07-15,171.5500030517578
2025-07-16,169.8000030517578
2025-07-17,170.22000122070312
2025-07-18,169.0399932861328
2025-07-21,169.77000427246094
2025-07-22,177.92999267578125
2025-07-23,179.41000366210938
2025-07-24,179.8000030517578
2025-07-25,176.99000549316406
2025-07-28,173.36000061035156
2025-07-29,170.5800018310547
2025-07-30,169.77000427246094
2025-07-31,171.85000610351562
2025-08-01,168.50999450683594
2025-08-04,168.3000030517578
2025-08-05,168.66000366210938
2025-08-06,167.9199981689453
2025-08-07,163.88999938964844
2025-08-08,160.00999450683594
2025-08-11,158.97000122070312
2025-08-12,157.5399932861328
2025-08-13,161.72000122070312
2025-08-14,158.1699981689453
2025-08-18,156.5399932861328
2025-08-19,156.8000030517578
2025-08-20,170.60000610351562
2025-08-21,169.60000610351562
2025-08-22,163.22000122070312
2025-08-25,167.24000549316406
2025-08-26,166.25999450683594
2025-08-28,161.92999267578125
2025-08-29,161.92999267578125
2025-09-01,160.9199981689453
2025-09-02,163.64999389648438
2025-09-03,163.69000244140625
2025-09-04,159.38999938964844
2025-09-05,162.08999633789062
2025-09-08,160.2100067138672
2025-09-09,159.35000610351562
2025-09-10,160.80999755859375
2025-09-11,154.1999969482422
2025-09-12,153.27000427246094
2025-09-15,153.60000610351562
2025-09-16,152.3800048828125
2025-09-17,152.6199951171875
2025-09-18,149.0
2025-09-19,146.9499969482422
2025-09-22,145.77999877929688
2025-09-23,144.66000366210938
2025-09-24,142.02000427246094
2025-09-25,155.0
2025-09-26,148.61000061035156
2025-09-29,150.60000610351562
2025-09-30,149.08999633789062
2025-10-01,149.88999938964844
2025-10-03,150.3300018310547
2025-10-06,143.64999389648438
2025-10-07,144.2899932861328
2025-10-08,143.24000549316406
2025-10-09,143.6699981689453
2025-10-10,143.6199951171875
2025-10-13,143.35000610351562
2025-10-14,143.63999938964844
2025-10-15,140.77000427246094
2025-10-16,143.63999938964844
2025-10-17,142.14999389648438
2025-10-20,144.1300048828125
2025-10-21,141.86000061035156
2025-10-23,142.88999938964844
2025-10-24,140.07000732421875
2025-10-27,139.5800018310547
2025-10-28,141.66000366210938
2025-10-29,141.0500030517578
2025-10-30,140.25999450683594
2025-10-31,141.6199951171875
2025-11-03,143.17999267578125
2025-11-04,143.49000549316406
2025-11-06,138.27000427246094
2025-11-07,138.41000366210938
2025-11-10,135.33999633789062
2025-11-11,131.52999877929688
2025-11-12,133.41000366210938
2025-11-13,132.08999633789062
2025-11-14,133.07000732421875
2025-11-17,139.3699951171875
2025-11-18,137.75
2025-11-19,135.75999450683594
2025-11-20,133.02000427246094
2025-11-21,129.4199981689453
2025-11-24,124.98999786376953
2025-11-25,126.7699966430664
2025-11-26,127.80999755859375
2025-11-27,127.45999908447266
2025-11-28,127.88999938964844
2025-12-01,129.05999755859375
2025-12-02,128.5500030517578
2025-12-03,129.97000122070312
2025-12-04,129.33999633789062
2025-12-05,128.89999389648438
2025-12-08,124.04000091552734
2025-12-09,123.27999877929688
2025-12-10,122.45999908447266
2025-12-11,121.87999725341797
2025-12-12,120.45999908447266
2025-12-15,118.88999938964844
2025-12-16,120.77999877929688
2025-12-17,119.41000366210938
2025-12-18,121.80999755859375
2025-12-19,122.48999786376953
2025-12-22,128.42999267578125
2025-12-23,125.19999694824219
2025-12-24,124.38999938964844
2025-12-26,119.04000091552734
2025-12-29,116.80999755859375
2025-12-30,116.70999908447266
2025-12-31,116.87999725341797
2026-01-01,117.4800033569336
2026-01-02,118.87999725341797
2026-01-05,119.76000213623047
2026-01-06,121.31999969482422
2026-01-07,119.88999938964844
2026-01-08,115.12999725341797
2026-01-09,111.18000030517578
2026-01-12,104.97000122070312
2026-01-13,102.33999633789062
2026-01-14,104.2699966430664
2026-01-15,104.2699966430664
2026-01-16,100.88999938964844
2026-01-19,98.44999694824219
2026-01-20,89.08999633789062
2026-01-21,89.16000366210938
2026-01-22,90.7699966430664
2026-01-23,94.05999755859375
2026-01-27,94.54000091552734
2026-01-28,99.19999694824219
2026-01-29,103.61000061035156
2026-01-30,112.63999938964844
2026-02-02,96.95999908447266
2026-02-03,101.30999755859375
2026-02-04,100.94000244140625
2026-02-05,98.4000015258789
2026-02-06,97.01000213623047
2026-02-09,98.76000213623047
2026-02-10,103.20999908447266
2026-02-11,101.0199966430664
2026-02-12,103.83000183105469
2026-02-13,98.88999938964844
2026-02-16,90.86000061035156
2026-02-17,92.02999877929688
2026-02-18,93.56999969482422
2026-02-19,92.0
2026-02-20,91.12000274658203
2026-02-23,89.83999633789062
2026-02-24,87.62000274658203
2026-02-25,86.66000366210938
2026-02-26,86.3499984741211
2026-02-27,87.37000274658203
2026-03-02,85.58000183105469
2026-03-04,81.0999984741211
2026-03-05,80.94999694824219
2026-03-06,82.11000061035156
2026-03-09,75.29000091552734
2026-03-10,77.61000061035156
2026-03-11,75.51000213623047
2026-03-12,73.80000305175781
2026-03-13,70.25
2026-03-16,66.16000366210938
2026-03-17,75.61000061035156
2026-03-18,72.7300033569336
2026-03-19,71.0999984741211
2026-03-20,70.44000244140625
2026-03-23,63.099998474121094
2026-03-24,63.58000183105469
2026-03-25,66.06999969482422
2026-03-27,60.75
2026-03-30,61.31999969482422
2026-04-01,69.30000305175781
2026-04-02,76.48999786376953
2026-04-06,78.3499984741211
2026-04-07,80.83999633789062
2026-04-08,86.8499984741211
2026-04-09,82.05999755859375
2026-04-10,85.4000015258789
2026-04-13,84.30999755859375
2026-04-15,84.81999969482422
2026-04-16,83.06999969482422
2026-04-17,82.91999816894531
2026-04-20,79.80000305175781
2026-04-21,80.20999908447266
2026-04-22,83.72000122070312
2026-04-23,80.97000122070312
2026-04-24,80.04000091552734
2026-04-27,80.95999908447266
2026-04-28,80.05000305175781
2026-04-29,78.73999786376953
2026-04-30,81.7699966430664
2026-05-04,79.98999786376953
2026-05-05,78.91000366210938
2026-05-06,78.61000061035156
2026-05-07,78.5
2026-05-08,77.04000091552734
2026-05-11,75.75
2026-05-12,75.86000061035156
2026-05-13,75.08999633789062
2026-05-14,75.0
2026-05-15,72.56999969482422
2026-05-18,69.94000244140625
2026-05-19,70.08999633789062
2026-05-20,71.33999633789062
2026-05-21,71.41999816894531
2026-05-22,72.93000030517578
2026-05-25,73.69999694824219
2026-05-26,72.91000366210938
2026-05-27,71.55000305175781
2026-05-28,71.55000305175781
2026-05-29,72.29000091552734
2026-06-01,68.68000030517578
2026-06-02,67.16000366210938
2026-06-03,65.16000366210938
2026-06-04,66.19999694824219
2026-06-05,66.88999938964844
2026-06-08,66.79000091552734
2026-06-09,73.41999816894531
2026-06-10,73.83999633789062
2026-06-11,69.52999877929688
2026-06-12,70.55999755859375
2026-06-15,72.54000091552734
2026-06-16,73.19999694824219
2026-06-17,73.2300033569336
2026-06-18,72.41000366210938
2026-06-19,70.93000030517578
2026-06-22,70.12000274658203
2026-06-23,68.01000213623047
2026-06-24,67.0
2026-06-25,65.76000213623047
2026-06-26,65.76000213623047
2026-06-29,66.66999816894531
2026-06-30,68.33000183105469
2026-07-01,65.58999633789062
2026-07-02,66.0199966430664
2026-07-03,64.52999877929688
2026-07-06,66.9800033569336
2026-07-07,67.16999816894531
2026-07-08,64.5
2026-07-09,65.47000122070312
2026-07-10,64.0
2026-07-13,66.45999908447266
2026-07-14,66.0
2026-07-15,64.9000015258789
2026-07-16,65.98999786376953
2026-07-17,66.33999633789062
2026-07-20,64.83000183105469
2026-07-21,64.55999755859375
2026-07-22,64.44999694824219
2026-07-23,65.87999725341797
2026-07-24,65.43000030517578
2026-07-27,63.59000015258789
2026-07-28,63.54999923706055
2026-07-29,64.79000091552734
2026-07-30,65.58000183105469
