audited,bank,broadCastDate,companyName,consolidated,cumulative,difference,exchdisstime,filingDate,financialYear,format,fromDate,indAs,industry,isin,oldNewFlag,params,period,reInd,relatingTo,resultDescription,resultDetailedDataLink,seqNumber,symbol,toDate,xbrl
Un-Audited,N,22-Jan-2025 20:12:35,Hindustan Unilever Limited,Consolidated,Non-cumulative,00:00:12,22-Jan-2025 20:12:47,22-Jan-2025 20:12,01-Apr-2024 To 31-Mar-2025,New,01-Oct-2024,Ind-AS New,-,INE030A01027,N,01-Oct-202431-Dec-2024Q3UNNCNEHINDUNILVR,Quarterly,N,Third Quarter,,,1190225,HINDUNILVR,31-Dec-2024,https://nsearchives.nseindia.com/corporate/xbrl/INDAS_117507_1357438_22012025081234.xml
Un-Audited,N,22-Jan-2025 20:01:13,Hindustan Unilever Limited,Non-Consolidated,Non-cumulative,00:00:46,22-Jan-2025 20:01:59,22-Jan-2025 20:01,01-Apr-2024 To 31-Mar-2025,New,01-Oct-2024,Ind-AS New,-,INE030A01027,N,01-Oct-202431-Dec-2024Q3UNNNNEHINDUNILVR,Quarterly,N,Third Quarter,,,1190223,HINDUNILVR,31-Dec-2024,https://nsearchives.nseindia.com/corporate/xbrl/INDAS_117506_1357422_22012025080113.xml
Un-Audited,N,23-Oct-2024 21:15:15,Hindustan Unilever Limited,Consolidated,Non-cumulative,00:00:22,23-Oct-2024 21:15:37,23-Oct-2024 21:15,01-Apr-2024 To 31-Mar-2025,New,01-Jul-2024,Ind-AS New,-,INE030A01027,N,01-Jul-202430-Sep-2024Q2UNNCNEHINDUNILVR,Quarterly,N,Second Quarter,,,1182161,HINDUNILVR,30-Sep-2024,https://nsearchives.nseindia.com/corporate/xbrl/INDAS_113145_1286562_23102024091515.xml
Un-Audited,N,23-Oct-2024 21:11:46,Hindustan Unilever Limited,Non-Consolidated,Non-cumulative,00:00:46,23-Oct-2024 21:12:32,23-Oct-2024 21:11,01-Apr-2024 To 31-Mar-2025,New,01-Jul-2024,Ind-AS New,-,INE030A01027,N,01-Jul-202430-Sep-2024Q2UNNNNEHINDUNILVR,Quarterly,N,Second Quarter,,,1182159,HINDUNILVR,30-Sep-2024,https://nsearchives.nseindia.com/corporate/xbrl/INDAS_113144_1286558_23102024091146.xml
Un-Audited,N,23-Jul-2024 18:51:49,Hindustan Unilever Limited,Consolidated,Non-cumulative,00:00:12,23-Jul-2024 18:52:01,23-Jul-2024 18:51,01-Apr-2024 To 31-Mar-2025,New,01-Apr-2024,Ind-AS New,-,INE030A01027,N,01-Apr-202430-Jun-2024Q1UNNCNEHINDUNILVR,Quarterly,N,First Quarter,,,1177886,HINDUNILVR,30-Jun-2024,https://nsearchives.nseindia.com/corporate/xbrl/INDAS_109325_1200467_23072024065149.xml
Un-Audited,N,23-Jul-2024 18:48:19,Hindustan Unilever Limited,Non-Consolidated,Non-cumulative,00:00:37,23-Jul-2024 18:48:56,23-Jul-2024 18:48,01-Apr-2024 To 31-Mar-2025,New,01-Apr-2024,Ind-AS New,-,INE030A01027,N,01-Apr-202430-Jun-2024Q1UNNNNEHINDUNILVR,Quarterly,N,First Quarter,,,1177885,HINDUNILVR,30-Jun-2024,https://nsearchives.nseindia.com/corporate/xbrl/INDAS_109324_1200464_23072024064819.xml
Audited,N,24-Apr-2024 21:05:52,Hindustan Unilever Limited,Consolidated,Non-cumulative,00:02:14,24-Apr-2024 21:08:06,24-Apr-2024 21:05,01-Apr-2023 To 31-Mar-2024,New,01-Jan-2024,Ind-AS New,-,INE030A01027,N,01-Jan-202431-Mar-2024Q4ANNCNEHINDUNILVR,Quarterly,N,Fourth Quarter,,,1169311,HINDUNILVR,31-Mar-2024,https://nsearchives.nseindia.com/corporate/xbrl/INDAS_104688_1107608_24042024090551.xml
Audited,N,24-Apr-2024 20:37:20,Hindustan Unilever Limited,Non-Consolidated,Non-cumulative,00:02:47,24-Apr-2024 20:40:07,24-Apr-2024 20:37,01-Apr-2023 To 31-Mar-2024,New,01-Jan-2024,Ind-AS New,-,INE030A01027,N,01-Jan-202431-Mar-2024Q4ANNNNEHINDUNILVR,Quarterly,N,Fourth Quarter,,,1169307,HINDUNILVR,31-Mar-2024,https://nsearchives.nseindia.com/corporate/xbrl/INDAS_104686_1107593_24042024083719.xml
Un-Audited,N,19-Jan-2024 19:33:47,Hindustan Unilever Limited,Consolidated,Non-cumulative,00:02:19,19-Jan-2024 19:36:06,19-Jan-2024 19:33,01-Apr-2023 To 31-Mar-2024,New,01-Oct-2023,Ind-AS New,-,INE030A01027,N,01-Oct-202331-Dec-2023Q3UNNCNEHINDUNILVR,Quarterly,N,Third Quarter,,,1162446,HINDUNILVR,31-Dec-2023,https://nsearchives.nseindia.com/corporate/xbrl/INDAS_101211_1030625_19012024073347.xml
Un-Audited,N,19-Jan-2024 19:31:38,Hindustan Unilever Limited,Non-Consolidated,Non-cumulative,00:02:28,19-Jan-2024 19:34:06,19-Jan-2024 19:31,01-Apr-2023 To 31-Mar-2024,New,01-Oct-2023,Ind-AS New,-,INE030A01027,N,01-Oct-202331-Dec-2023Q3UNNNNEHINDUNILVR,Quarterly,N,Third Quarter,,,1162444,HINDUNILVR,31-Dec-2023,https://nsearchives.nseindia.com/corporate/xbrl/INDAS_101210_1030612_19012024073137.xml
Un-Audited,N,19-Oct-2023 18:29:11,Hindustan Unilever Limited,Consolidated,Non-cumulative,00:06:53,19-Oct-2023 18:36:04,19-Oct-2023 18:29,01-Apr-2023 To 31-Mar-2024,New,01-Jul-2023,Ind-AS New,-,INE030A01027,N,01-Jul-202330-Sep-2023Q2UNNCNEHINDUNILVR,Quarterly,N,Second Quarter,,,1155559,HINDUNILVR,30-Sep-2023,https://nsearchives.nseindia.com/corporate/xbrl/INDAS_97710_961245_19102023062911.xml
Un-Audited,N,19-Oct-2023 18:25:54,Hindustan Unilever Limited,Non-Consolidated,Non-cumulative,00:02:09,19-Oct-2023 18:28:03,19-Oct-2023 18:25,01-Apr-2023 To 31-Mar-2024,New,01-Jul-2023,Ind-AS New,-,INE030A01027,N,01-Jul-202330-Sep-2023Q2UNNNNEHINDUNILVR,Quarterly,N,Second Quarter,,,1155555,HINDUNILVR,30-Sep-2023,https://nsearchives.nseindia.com/corporate/xbrl/INDAS_97708_961210_19102023062554.xml
Un-Audited,N,21-Jul-2023 09:22:40,Hindustan Unilever Limited,Consolidated,Non-cumulative,00:03:23,21-Jul-2023 09:26:03,21-Jul-2023 09:22,01-Apr-2023 To 31-Mar-2024,New,01-Apr-2023,Ind-AS New,-,INE030A01027,N,01-Apr-202330-Jun-2023Q1UNNCNEHINDUNILVR,Quarterly,N,First Quarter,,,1151983,HINDUNILVR,30-Jun-2023,https://nsearchives.nseindia.com/corporate/xbrl/INDAS_94325_896365_21072023092240.xml
Un-Audited,N,21-Jul-2023 08:57:22,Hindustan Unilever Limited,Non-Consolidated,Non-cumulative,00:03:10,21-Jul-2023 09:00:32,21-Jul-2023 08:57,01-Apr-2023 To 31-Mar-2024,New,01-Apr-2023,Ind-AS New,-,INE030A01027,N,01-Apr-202330-Jun-2023Q1UNNNNEHINDUNILVR,Quarterly,N,First Quarter,,,1151982,HINDUNILVR,30-Jun-2023,https://nsearchives.nseindia.com/corporate/xbrl/INDAS_94324_896356_21072023085722.xml
Audited,N,28-Apr-2023 09:29:00,Hindustan Unilever Limited,Consolidated,Non-cumulative,00:03:04,28-Apr-2023 09:32:04,28-Apr-2023 09:29,01-Apr-2022 To 31-Mar-2023,New,01-Jan-2023,Ind-AS New,-,INE030A01027,N,01-Jan-202331-Mar-2023Q4ANNCNEHINDUNILVR,Quarterly,N,Fourth Quarter,,,1145500,HINDUNILVR,31-Mar-2023,https://nsearchives.nseindia.com/corporate/xbrl/INDAS_90934_834226_28042023092900.xml
Audited,N,28-Apr-2023 09:25:57,Hindustan Unilever Limited,Non-Consolidated,Non-cumulative,00:02:07,28-Apr-2023 09:28:04,28-Apr-2023 09:25,01-Apr-2022 To 31-Mar-2023,New,01-Jan-2023,Ind-AS New,-,INE030A01027,N,01-Jan-202331-Mar-2023Q4ANNNNEHINDUNILVR,Quarterly,N,Fourth Quarter,,,1145498,HINDUNILVR,31-Mar-2023,https://nsearchives.nseindia.com/corporate/xbrl/INDAS_90933_834223_28042023092556.xml
Un-Audited,N,19-Jan-2023 19:15:51,Hindustan Unilever Limited,Consolidated,Non-cumulative,00:04:13,19-Jan-2023 19:20:04,19-Jan-2023 19:15,01-Apr-2022 To 31-Mar-2023,New,01-Oct-2022,Ind-AS New,-,INE030A01027,N,01-Oct-202231-Dec-2022Q3UNNCNEHINDUNILVR,Quarterly,N,Third Quarter,,,1138814,HINDUNILVR,31-Dec-2022,https://nsearchives.nseindia.com/corporate/xbrl/INDAS_87541_774017_19012023071551_WEB.xml
Un-Audited,N,19-Jan-2023 19:13:31,Hindustan Unilever Limited,Non-Consolidated,Non-cumulative,00:04:32,19-Jan-2023 19:18:03,19-Jan-2023 19:13,01-Apr-2022 To 31-Mar-2023,New,01-Oct-2022,Ind-AS New,-,INE030A01027,N,01-Oct-202231-Dec-2022Q3UNNNNEHINDUNILVR,Quarterly,N,Third Quarter,,,1138812,HINDUNILVR,31-Dec-2022,https://nsearchives.nseindia.com/corporate/xbrl/INDAS_87540_774011_19012023071330_WEB.xml
Un-Audited,N,21-Oct-2022 19:22:52,Hindustan Unilever Limited,Consolidated,Non-cumulative,00:03:17,21-Oct-2022 19:26:09,21-Oct-2022 19:22,01-Apr-2022 To 31-Mar-2023,New,01-Jul-2022,Ind-AS New,-,INE030A01027,N,01-Jul-202230-Sep-2022Q2UNNCNEHINDUNILVR,Quarterly,N,Second Quarter,,,4799,HINDUNILVR,30-Sep-2022,https://nsearchives.nseindia.com/corporate/xbrl/INDAS_788755_4963_21102022192252_WEB.xml
Un-Audited,N,21-Oct-2022 19:22:26,Hindustan Unilever Limited,Non-Consolidated,Non-cumulative,00:03:39,21-Oct-2022 19:26:05,21-Oct-2022 19:22,01-Apr-2022 To 31-Mar-2023,New,01-Jul-2022,Ind-AS New,-,INE030A01027,N,01-Jul-202230-Sep-2022Q2UNNNNEHINDUNILVR,Quarterly,N,Second Quarter,,,4797,HINDUNILVR,30-Sep-2022,https://nsearchives.nseindia.com/corporate/xbrl/INDAS_788726_4963_21102022192226_WEB.xml
Un-Audited,N,19-Jul-2022 19:02:59,Hindustan Unilever Limited,Consolidated,Non-cumulative,00:03:09,19-Jul-2022 19:06:08,19-Jul-2022 19:02,01-Apr-2022 To 31-Mar-2023,New,01-Apr-2022,Ind-AS New,-,INE030A01027,N,01-Apr-202230-Jun-2022Q1UNNCNEHINDUNILVR,Quarterly,N,First Quarter,,,139,HINDUNILVR,30-Jun-2022,https://nsearchives.nseindia.com/corporate/xbrl/INDAS_592279_2622_19072022190259_WEB.xml
Un-Audited,N,19-Jul-2022 19:02:59,Hindustan Unilever Limited,Non-Consolidated,Non-cumulative,00:03:10,19-Jul-2022 19:06:09,19-Jul-2022 19:02,01-Apr-2022 To 31-Mar-2023,New,01-Apr-2022,Ind-AS New,-,INE030A01027,N,01-Apr-202230-Jun-2022Q1UNNNNEHINDUNILVR,Quarterly,N,First Quarter,,,146,HINDUNILVR,30-Jun-2022,https://nsearchives.nseindia.com/corporate/xbrl/INDAS_592278_2622_19072022190259_WEB.xml
Audited,N,28-Apr-2022 15:38:52,Hindustan Unilever Limited,Consolidated,Non-cumulative,00:01:42,28-Apr-2022 15:40:34,28-Apr-2022 15:38,01-Apr-2021 To 31-Mar-2022,New,01-Jan-2022,Ind-AS New,-,INE030A01027,N,01-Jan-202231-Mar-2022Q4ANNCNEHINDUNILVR,Quarterly,N,Fourth Quarter,,,1131277,HINDUNILVR,31-Mar-2022,https://nsearchives.nseindia.com/corporate/xbrl/INDAS_83699_648985_28042022033852_WEB.xml
Audited,N,28-Apr-2022 15:37:06,Hindustan Unilever Limited,Non-Consolidated,Non-cumulative,00:03:26,28-Apr-2022 15:40:32,28-Apr-2022 15:37,01-Apr-2021 To 31-Mar-2022,New,01-Jan-2022,Ind-AS New,-,INE030A01027,N,01-Jan-202231-Mar-2022Q4ANNNNEHINDUNILVR,Quarterly,N,Fourth Quarter,,,1131275,HINDUNILVR,31-Mar-2022,https://nsearchives.nseindia.com/corporate/xbrl/INDAS_83698_648982_28042022033706_WEB.xml
Un-Audited,N,20-Jan-2022 20:55:59,Hindustan Unilever Limited,Consolidated,Non-cumulative,00:02:07,20-Jan-2022 20:58:06,20-Jan-2022 20:55,01-Apr-2021 To 31-Mar-2022,New,01-Oct-2021,Ind-AS New,-,INE030A01027,N,01-Oct-202131-Dec-2021Q3UNNCNEHINDUNILVR,Quarterly,N,Third Quarter,,,1124522,HINDUNILVR,31-Dec-2021,https://nsearchives.nseindia.com/corporate/xbrl/INDAS_80250_596130_20012022085559_WEB.xml
Un-Audited,N,20-Jan-2022 20:54:02,Hindustan Unilever Limited,Non-Consolidated,Non-cumulative,00:04:02,20-Jan-2022 20:58:04,20-Jan-2022 20:54,01-Apr-2021 To 31-Mar-2022,New,01-Oct-2021,Ind-AS New,-,INE030A01027,N,01-Oct-202131-Dec-2021Q3UNNNNEHINDUNILVR,Quarterly,N,Third Quarter,,,1124520,HINDUNILVR,31-Dec-2021,https://nsearchives.nseindia.com/corporate/xbrl/INDAS_80249_596125_20012022085401_WEB.xml
Un-Audited,N,19-Oct-2021 19:07:51,Hindustan Unilever Limited,Consolidated,Non-cumulative,00:02:20,19-Oct-2021 19:10:11,19-Oct-2021 19:07,01-Apr-2021 To 31-Mar-2022,New,01-Jul-2021,Ind-AS New,-,INE030A01027,N,01-Jul-202130-Sep-2021Q2UNNCNEHINDUNILVR,Quarterly,N,Second Quarter,,,1117311,HINDUNILVR,30-Sep-2021,https://nsearchives.nseindia.com/corporate/xbrl/INDAS_76453_539062_19102021070751_WEB.xml
Un-Audited,N,19-Oct-2021 19:05:40,Hindustan Unilever Limited,Non-Consolidated,Non-cumulative,00:02:30,19-Oct-2021 19:08:10,19-Oct-2021 19:05,01-Apr-2021 To 31-Mar-2022,New,01-Jul-2021,Ind-AS New,-,INE030A01027,N,01-Jul-202130-Sep-2021Q2UNNNNEHINDUNILVR,Quarterly,N,Second Quarter,,,1117309,HINDUNILVR,30-Sep-2021,https://nsearchives.nseindia.com/corporate/xbrl/INDAS_76452_539056_19102021070539_WEB.xml
Un-Audited,N,22-Jul-2021 20:59:26,Hindustan Unilever Limited,Consolidated,Non-cumulative,00:01:07,22-Jul-2021 21:00:33,22-Jul-2021 20:59,01-Apr-2021 To 31-Mar-2022,New,01-Apr-2021,Ind-AS New,-,INE030A01027,N,01-Apr-202130-Jun-2021Q1UNNCNEHINDUNILVR,Quarterly,N,First Quarter,,,1113893,HINDUNILVR,30-Jun-2021,https://nsearchives.nseindia.com/corporate/xbrl/INDAS_73259_494664_22072021085926_WEB.xml
Un-Audited,N,22-Jul-2021 20:56:15,Hindustan Unilever Limited,Non-Consolidated,Non-cumulative,00:04:17,22-Jul-2021 21:00:32,22-Jul-2021 20:56,01-Apr-2021 To 31-Mar-2022,New,01-Apr-2021,Ind-AS New,-,INE030A01027,N,01-Apr-202130-Jun-2021Q1UNNNNEHINDUNILVR,Quarterly,N,First Quarter,,,1113892,HINDUNILVR,30-Jun-2021,https://nsearchives.nseindia.com/corporate/xbrl/INDAS_73258_494661_22072021085615_WEB.xml
Audited,N,29-Apr-2021 22:30:41,Hindustan Unilever Limited,Non-Consolidated,Non-cumulative,00:03:23,29-Apr-2021 22:34:04,29-Apr-2021 22:30,01-Apr-2020 To 31-Mar-2021,New,01-Jan-2021,Ind-AS New,-,INE030A01027,N,01-Jan-202131-Mar-2021Q4ANNNNEHINDUNILVR,Quarterly,N,Fourth Quarter,,,1106738,HINDUNILVR,31-Mar-2021,https://nsearchives.nseindia.com/corporate/xbrl/INDAS_69544_444929_29042021103041_WEB.xml
Audited,N,29-Apr-2021 22:27:28,Hindustan Unilever Limited,Consolidated,Non-cumulative,00:02:44,29-Apr-2021 22:30:12,29-Apr-2021 22:27,01-Apr-2020 To 31-Mar-2021,New,01-Jan-2021,Ind-AS New,-,INE030A01027,N,01-Jan-202131-Mar-2021Q4ANNCNEHINDUNILVR,Quarterly,N,Fourth Quarter,,,1106736,HINDUNILVR,31-Mar-2021,https://nsearchives.nseindia.com/corporate/xbrl/INDAS_69543_444926_29042021102728_WEB.xml
Un-Audited,N,27-Jan-2021 18:44:44,Hindustan Unilever Limited,Consolidated,Non-cumulative,00:03:25,27-Jan-2021 18:48:09,27-Jan-2021 18:44,01-Apr-2020 To 31-Mar-2021,New,01-Oct-2020,Ind-AS New,-,INE030A01027,N,01-Oct-202031-Dec-2020Q3UNNCNEHINDUNILVR,Quarterly,N,Third Quarter,,,1100457,HINDUNILVR,31-Dec-2020,https://nsearchives.nseindia.com/corporate/xbrl/INDAS_66372_398667_27012021064444_WEB.xml
Un-Audited,N,27-Jan-2021 18:41:19,Hindustan Unilever Limited,Non-Consolidated,Non-cumulative,00:02:50,27-Jan-2021 18:44:09,27-Jan-2021 18:41,01-Apr-2020 To 31-Mar-2021,New,01-Oct-2020,Ind-AS New,-,INE030A01027,N,01-Oct-202031-Dec-2020Q3UNNNNEHINDUNILVR,Quarterly,N,Third Quarter,,,1100455,HINDUNILVR,31-Dec-2020,https://nsearchives.nseindia.com/corporate/xbrl/INDAS_66371_398660_27012021064119_WEB.xml
Un-Audited,N,20-Oct-2020 19:12:40,Hindustan Unilever Limited,Consolidated,Non-cumulative,00:03:25,20-Oct-2020 19:16:05,20-Oct-2020 19:12,01-Apr-2020 To 31-Mar-2021,New,01-Jul-2020,Ind-AS New,-,INE030A01027,N,01-Jul-202030-Sep-2020Q2UNNCNEHINDUNILVR,Quarterly,N,Second Quarter,,,1092595,HINDUNILVR,30-Sep-2020,https://nsearchives.nseindia.com/corporate/xbrl/INDAS_62205_347392_20102020071240_WEB.xml
Un-Audited,N,20-Oct-2020 19:10:16,Hindustan Unilever Limited,Non-Consolidated,Non-cumulative,00:03:50,20-Oct-2020 19:14:06,20-Oct-2020 19:10,01-Apr-2020 To 31-Mar-2021,New,01-Jul-2020,Ind-AS New,-,INE030A01027,N,01-Jul-202030-Sep-2020Q2UNNNNEHINDUNILVR,Quarterly,N,Second Quarter,,,1092593,HINDUNILVR,30-Sep-2020,https://nsearchives.nseindia.com/corporate/xbrl/INDAS_62204_347387_20102020071016_WEB.xml
Un-Audited,N,21-Jul-2020 19:13:55,Hindustan Unilever Limited,Consolidated,Non-cumulative,00:02:08,21-Jul-2020 19:16:03,21-Jul-2020 19:13,01-Apr-2020 To 31-Mar-2021,New,01-Apr-2020,Ind-AS New,-,INE030A01027,N,01-Apr-202030-Jun-2020Q1UNNCNEHINDUNILVR,Quarterly,N,First Quarter,,,1087278,HINDUNILVR,30-Jun-2020,https://nsearchives.nseindia.com/corporate/xbrl/INDAS_57994_294490_21072020071355_WEB.xml
Un-Audited,N,21-Jul-2020 19:11:24,Hindustan Unilever Limited,Non-Consolidated,Non-cumulative,00:02:38,21-Jul-2020 19:14:02,21-Jul-2020 19:11,01-Apr-2020 To 31-Mar-2021,New,01-Apr-2020,Ind-AS New,-,INE030A01027,N,01-Apr-202030-Jun-2020Q1UNNNNEHINDUNILVR,Quarterly,N,First Quarter,,,1087276,HINDUNILVR,30-Jun-2020,https://nsearchives.nseindia.com/corporate/xbrl/INDAS_57992_294476_21072020071124_WEB.xml
Audited,N,03-Jun-2020 11:30:53,Hindustan Unilever Limited,Consolidated,Non-cumulative,00:03:24,03-Jun-2020 11:34:17,03-Jun-2020 11:30,01-Apr-2019 To 31-Mar-2020,New,01-Jan-2020,Ind-AS New,-,INE030A01027,N,01-Jan-202031-Mar-2020Q4ANNCNEHINDUNILVR,Quarterly,N,Fourth Quarter,,,1081411,HINDUNILVR,31-Mar-2020,https://nsearchives.nseindia.com/corporate/xbrl/INDAS_54970_246283_30042020071819_WEB.xml
Audited,N,30-Apr-2020 19:12:47,Hindustan Unilever Limited,Non-Consolidated,Non-cumulative,00:03:17,30-Apr-2020 19:16:04,30-Apr-2020 19:12,01-Apr-2019 To 31-Mar-2020,New,01-Jan-2020,Ind-AS New,-,INE030A01027,N,01-Jan-202031-Mar-2020Q4ANNNNEHINDUNILVR,Quarterly,N,Fourth Quarter,,,1081407,HINDUNILVR,31-Mar-2020,https://nsearchives.nseindia.com/corporate/xbrl/INDAS_54968_246263_30042020071246_WEB.xml
Un-Audited,N,31-Jan-2020 17:54:32,Hindustan Unilever Limited,Consolidated,Non-cumulative,00:03:31,31-Jan-2020 17:58:03,31-Jan-2020 17:54,01-Apr-2019 To 31-Mar-2020,New,01-Oct-2019,Ind-AS New,-,INE030A01027,N,01-Oct-201931-Dec-2019Q3UNNCNEHINDUNILVR,Quarterly,N,Third Quarter,,,1075770,HINDUNILVR,31-Dec-2019,https://nsearchives.nseindia.com/corporate/xbrl/INDAS_52128_213539_31012020055432_WEB.xml
Un-Audited,N,31-Jan-2020 17:51:47,Hindustan Unilever Limited,Non-Consolidated,Non-cumulative,00:02:19,31-Jan-2020 17:54:06,31-Jan-2020 17:51,01-Apr-2019 To 31-Mar-2020,New,01-Oct-2019,Ind-AS New,-,INE030A01027,N,01-Oct-201931-Dec-2019Q3UNNNNEHINDUNILVR,Quarterly,N,Third Quarter,,,1075768,HINDUNILVR,31-Dec-2019,https://nsearchives.nseindia.com/corporate/xbrl/INDAS_52127_213536_31012020055147_WEB.xml
Un-Audited,N,14-Oct-2019 19:17:32,Hindustan Unilever Limited,Consolidated,Non-cumulative,00:02:33,14-Oct-2019 19:20:05,14-Oct-2019 19:17,01-Apr-2019 To 31-Mar-2020,New,01-Jul-2019,Ind-AS New,-,INE030A01027,N,01-Jul-201930-Sep-2019Q2UNNCNEHINDUNILVR,Quarterly,N,Second Quarter,,,1068682,HINDUNILVR,30-Sep-2019,https://nsearchives.nseindia.com/corporate/xbrl/INDAS_48584_148020_14102019071731_WEB.xml
Un-Audited,N,14-Oct-2019 19:13:54,Hindustan Unilever Limited,Non-Consolidated,Non-cumulative,00:02:10,14-Oct-2019 19:16:04,14-Oct-2019 19:13,01-Apr-2019 To 31-Mar-2020,New,01-Jul-2019,Ind-AS New,-,INE030A01027,N,01-Jul-201930-Sep-2019Q2UNNNNEHINDUNILVR,Quarterly,N,Second Quarter,,,1068680,HINDUNILVR,30-Sep-2019,https://nsearchives.nseindia.com/corporate/xbrl/INDAS_48583_148011_14102019071354_WEB.xml
Un-Audited,N,23-Jul-2019 19:34:08,Hindustan Unilever Limited,Consolidated,Non-cumulative,00:03:06,23-Jul-2019 19:37:14,23-Jul-2019 19:34,01-Apr-2019 To 31-Mar-2020,New,01-Apr-2019,Ind-AS New,-,INE030A01027,N,01-Apr-201930-Jun-2019Q1UNNCNEHINDUNILVR,Quarterly,N,First Quarter,,,1065083,HINDUNILVR,30-Jun-2019,https://nsearchives.nseindia.com/corporate/xbrl/INDAS_46131_124207_23072019073407_WEB.xml
Un-Audited,N,23-Jul-2019 19:29:58,Hindustan Unilever Limited,Non-Consolidated,Non-cumulative,00:01:16,23-Jul-2019 19:31:14,23-Jul-2019 19:29,01-Apr-2019 To 31-Mar-2020,New,01-Apr-2019,Ind-AS New,-,INE030A01027,N,01-Apr-201930-Jun-2019Q1UNNNNEHINDUNILVR,Quarterly,N,First Quarter,,,1065082,HINDUNILVR,30-Jun-2019,https://nsearchives.nseindia.com/corporate/xbrl/INDAS_46130_124197_23072019072957_WEB.xml
Audited,N,09-May-2019 18:58:00,Hindustan Unilever Limited,Non-Consolidated,Non-cumulative,00:03:19,09-May-2019 19:01:19,09-May-2019 18:57,01-Apr-2018 To 31-Mar-2019,New,01-Jan-2019,Ind-AS New,-,INE030A01027,N,01-Jan-201931-Mar-2019Q4ANNNNEHINDUNILVR,Quarterly,N,Fourth Quarter,,,1059498,HINDUNILVR,31-Mar-2019,https://nsearchives.nseindia.com/corporate/xbrl/INDAS_43796_100477_03052019063534_WEB.xml
Un-Audited,N,18-Jan-2019 11:28:04,Hindustan Unilever Limited,Non-Consolidated,Non-cumulative,00:02:28,18-Jan-2019 11:30:32,18-Jan-2019 11:28,01-Apr-2018 To 31-Mar-2019,New,01-Oct-2018,Ind-AS New,-,INE030A01027,N,01-Oct-201831-Dec-2018Q3UNNNNEHINDUNILVR,Quarterly,N,Third Quarter,,,1054527,HINDUNILVR,31-Dec-2018,https://nsearchives.nseindia.com/corporate/xbrl/INDAS_41567_74249_18012019101026_WEB.xml
Un-Audited,N,15-Oct-2018 18:31:14,Hindustan Unilever Limited,Non-Consolidated,Non-cumulative,00:02:48,15-Oct-2018 18:34:02,15-Oct-2018 18:31,01-Apr-2018 To 31-Mar-2019,New,01-Jul-2018,Ind-AS New,-,INE030A01027,N,01-Jul-201830-Sep-2018Q2UNNNNEHINDUNILVR,Quarterly,N,Second Quarter,,,1049629,HINDUNILVR,30-Sep-2018,https://nsearchives.nseindia.com/corporate/xbrl/INDAS_39305_48937_12102018070115_WEB.xml
Un-Audited,N,03-Aug-2018 15:26:00,Hindustan Unilever Limited,Non-Consolidated,Non-cumulative,00:02:08,03-Aug-2018 15:28:08,03-Aug-2018 15:26,01-Apr-2018 To 31-Mar-2019,New,01-Apr-2018,Ind-AS New,-,INE030A01027,N,01-Apr-201830-Jun-2018Q1UNNNNEHINDUNILVR,Quarterly,N,First Quarter,,,1046632,HINDUNILVR,30-Jun-2018,https://nsearchives.nseindia.com/corporate/xbrl/INDAS_37009_24757_17072018113351_WEB.xml
Audited,N,26-May-2018 17:14:27,Hindustan Unilever Limited,Non-Consolidated,Non-cumulative,00:03:35,26-May-2018 17:18:02,26-May-2018 17:14,01-Apr-2017 To 31-Mar-2018,New,01-Jan-2018,Ind-AS New,-,INE030A01027,N,01-Jan-201831-Mar-2018Q4ANNNNEHINDUNILVR,Quarterly,N,Fourth Quarter,,,1040314,HINDUNILVR,31-Mar-2018,https://nsearchives.nseindia.com/corporate/xbrl/INDAS_35156_9435_15052018013145_WEB.xml
Un-Audited,N,22-Jan-2018 16:33:54,Hindustan Unilever Limited,Non-Consolidated,Non-cumulative,00:02:10,22-Jan-2018 16:36:04,22-Jan-2018 16:33,01-Apr-2017 To 31-Mar-2018,Old,01-Oct-2017,Ind-AS New,-,INE030A01027,N,01-Oct-201731-Dec-2017Q3UNNNNEHINDUNILVR,Quarterly,N,Third Quarter,,https://nsearchives.nseindia.com/archives/financial_results/financial_res_HINDUNILVR_1035228.html,1035228,HINDUNILVR,31-Dec-2017,https://nsearchives.nseindia.com/corporate/xbrl/-
Un-Audited,N,27-Oct-2017 11:38:24,Hindustan Unilever Limited,Non-Consolidated,Non-cumulative,00:03:39,27-Oct-2017 11:42:03,27-Oct-2017 11:38,01-Apr-2017 To 31-Mar-2018,Old,01-Jul-2017,Ind-AS New,-,INE030A01027,N,01-Jul-201730-Sep-2017Q2UNNNNEHINDUNILVR,Quarterly,N,Second Quarter,,https://nsearchives.nseindia.com/archives/financial_results/financial_res_HINDUNILVR_1031853.html,1031853,HINDUNILVR,30-Sep-2017,https://nsearchives.nseindia.com/corporate/xbrl/-
Un-Audited,N,09-Aug-2017 12:03:10,Hindustan Unilever Limited,Non-Consolidated,Non-cumulative,00:02:54,09-Aug-2017 12:06:04,09-Aug-2017 12:03,01-Apr-2017 To 31-Mar-2018,Old,01-Apr-2017,Ind-AS New,-,INE030A01027,N,01-Apr-201730-Jun-2017Q1UNNNNEHINDUNILVR,Quarterly,N,First Quarter,,https://nsearchives.nseindia.com/archives/financial_results/financial_res_HINDUNILVR_1027773.html,1027773,HINDUNILVR,30-Jun-2017,https://nsearchives.nseindia.com/corporate/xbrl/-
Audited,N,08-Jun-2017 14:25:26,Hindustan Unilever Limited,Non-Consolidated,Non-cumulative,00:02:37,08-Jun-2017 14:28:03,08-Jun-2017 14:25,01-Apr-2016 To 31-Mar-2017,Old,01-Jan-2017,Ind-AS New,-,INE030A01027,N,01-Jan-201731-Mar-2017Q4ANNNNEHINDUNILVR,Quarterly,N,Fourth Quarter,,https://nsearchives.nseindia.com/archives/financial_results/financial_res_HINDUNILVR_1022460.html,1022460,HINDUNILVR,31-Mar-2017,https://nsearchives.nseindia.com/corporate/xbrl/-
Un-Audited,N,24-Jan-2017 10:31:51,Hindustan Unilever Limited,Non-Consolidated,Non-cumulative,00:02:13,24-Jan-2017 10:34:04,24-Jan-2017 10:31,01-Apr-2015 To 31-Mar-2016,Old,01-Oct-2015,Ind-AS,-,INE030A01027,N,01-Oct-201531-Dec-2015Q3UNNNIEHINDUNILVR,Quarterly,I,Third Quarter,,https://nsearchives.nseindia.com/archives/financial_results/financial_res_HINDUNILVR_1017862.html,1017862,HINDUNILVR,31-Dec-2015,https://nsearchives.nseindia.com/corporate/xbrl/-
Un-Audited,N,24-Jan-2017 10:29:42,Hindustan Unilever Limited,Non-Consolidated,Non-cumulative,00:02:23,24-Jan-2017 10:32:05,24-Jan-2017 10:29,01-Apr-2016 To 31-Mar-2017,Old,01-Oct-2016,Ind-AS,-,INE030A01027,N,01-Oct-201631-Dec-2016Q3UNNNIEHINDUNILVR,Quarterly,I,Third Quarter,,https://nsearchives.nseindia.com/archives/financial_results/financial_res_HINDUNILVR_1017861.html,1017861,HINDUNILVR,31-Dec-2016,https://nsearchives.nseindia.com/corporate/xbrl/-
Un-Audited,N,27-Oct-2016 11:05:23,Hindustan Unilever Limited,Non-Consolidated,Non-cumulative,00:02:40,27-Oct-2016 11:08:03,27-Oct-2016 11:05,01-Apr-2015 To 31-Mar-2016,Old,01-Jul-2015,Ind-AS,-,INE030A01027,N,01-Jul-201530-Sep-2015Q2UNNNIEHINDUNILVR,Quarterly,I,Second Quarter,,https://nsearchives.nseindia.com/archives/financial_results/financial_res_HINDUNILVR_1015007.html,1015007,HINDUNILVR,30-Sep-2015,https://nsearchives.nseindia.com/corporate/xbrl/-
Un-Audited,N,27-Oct-2016 11:01:47,Hindustan Unilever Limited,Non-Consolidated,Non-cumulative,00:02:17,27-Oct-2016 11:04:04,27-Oct-2016 11:01,01-Apr-2016 To 31-Mar-2017,Old,01-Jul-2016,Ind-AS,-,INE030A01027,N,01-Jul-201630-Sep-2016Q2UNNNIEHINDUNILVR,Quarterly,I,Second Quarter,,https://nsearchives.nseindia.com/archives/financial_results/financial_res_HINDUNILVR_1015006.html,1015006,HINDUNILVR,30-Sep-2016,https://nsearchives.nseindia.com/corporate/xbrl/-
Un-Audited,N,28-Sep-2016 12:18:17,Hindustan Unilever Limited,Non-Consolidated,Non-cumulative,00:04:08,28-Sep-2016 12:22:25,28-Sep-2016 12:18,01-Apr-2015 To 31-Mar-2016,Old,01-Apr-2015,Ind-AS,-,INE030A01027,N,01-Apr-201530-Jun-2015Q1UNNNIEHINDUNILVR,Quarterly,I,First Quarter,,https://nsearchives.nseindia.com/archives/financial_results/financial_res_HINDUNILVR_1013976.html,1013976,HINDUNILVR,30-Jun-2015,https://nsearchives.nseindia.com/corporate/xbrl/-
Un-Audited,N,28-Sep-2016 12:18:16,Hindustan Unilever Limited,Non-Consolidated,Non-cumulative,00:04:02,28-Sep-2016 12:22:18,28-Sep-2016 12:18,01-Apr-2015 To 31-Mar-2016,Old,01-Jan-2016,Ind-AS,-,INE030A01027,N,01-Jan-201631-Mar-2016Q4UNNNIEHINDUNILVR,Quarterly,I,Fourth Quarter,,https://nsearchives.nseindia.com/archives/financial_results/financial_res_HINDUNILVR_1013975.html,1013975,HINDUNILVR,31-Mar-2016,https://nsearchives.nseindia.com/corporate/xbrl/-
Un-Audited,N,28-Sep-2016 12:18:14,Hindustan Unilever Limited,Non-Consolidated,Non-cumulative,00:03:49,28-Sep-2016 12:22:03,28-Sep-2016 12:18,01-Apr-2016 To 31-Mar-2017,Old,01-Apr-2016,Ind-AS,-,INE030A01027,N,01-Apr-201630-Jun-2016Q1UNNNIEHINDUNILVR,Quarterly,I,First Quarter,,https://nsearchives.nseindia.com/archives/financial_results/financial_res_HINDUNILVR_1013974.html,1013974,HINDUNILVR,30-Jun-2016,https://nsearchives.nseindia.com/corporate/xbrl/-
Audited,N,10-May-2016 10:59:46,Hindustan Unilever Limited,Non-Consolidated,Non-cumulative,00:02:29,10-May-2016 11:02:15,10-May-2016 10:59,01-Apr-2015 To 31-Mar-2016,Old,01-Jan-2016,Non-Ind-AS,-,INE030A01027,N,01-Jan-201631-Mar-2016Q4ANNNAEHINDUNILVR,Quarterly,-,Fourth Quarter,,https://nsearchives.nseindia.com/archives/financial_results/financial_res_HINDUNILVR_1006830.html,1006830,HINDUNILVR,31-Mar-2016,https://nsearchives.nseindia.com/corporate/xbrl/-
Un-Audited,N,18-Jan-2016 16:17:38,Hindustan Unilever Limited,Non-Consolidated,Non-cumulative,00:02:26,18-Jan-2016 16:20:04,18-Jan-2016 16:17,01-Apr-2015 To 31-Mar-2016,Old,01-Oct-2015,Non-Ind-AS,-,INE030A01027,N,01-Oct-201531-Dec-2015Q3UNNNAEHINDUNILVR,Quarterly,-,Third Quarter,,https://nsearchives.nseindia.com/archives/financial_results/financial_res_HINDUNILVR_1004162.html,1004162,HINDUNILVR,31-Dec-2015,https://nsearchives.nseindia.com/corporate/xbrl/-
Un-Audited,N,16-Oct-2015 14:58:20,Hindustan Unilever Limited,Non-Consolidated,Non-cumulative,00:03:43,16-Oct-2015 15:02:03,16-Oct-2015 14:58,01-Apr-2015 To 31-Mar-2016,Old,01-Jul-2015,Non-Ind-AS,-,INE030A01027,N,01-Jul-201530-Sep-2015Q2UNNNAEHINDUNILVR,Quarterly,-,Second Quarter,,https://nsearchives.nseindia.com/archives/financial_results/financial_res_HINDUNILVR_1002082.html,1002082,HINDUNILVR,30-Sep-2015,https://nsearchives.nseindia.com/corporate/xbrl/-
Un-Audited,N,21-Jul-2015 16:47:48,Hindustan Unilever Limited,Non-Consolidated,Non-cumulative,00:02:30,21-Jul-2015 16:50:18,21-Jul-2015 16:47,01-Apr-2015 To 31-Mar-2016,Old,01-Apr-2015,Non-Ind-AS,-,INE030A01027,N,01-Apr-201530-Jun-2015Q1UNNNAEHINDUNILVR,Quarterly,-,First Quarter,,https://nsearchives.nseindia.com/archives/financial_results/financial_res_HINDUNILVR_1000114.html,1000114,HINDUNILVR,30-Jun-2015,https://nsearchives.nseindia.com/corporate/xbrl/-
Un-Audited,N,08-May-2015 17:25:02,Hindustan Unilever Limited,Non-Consolidated,Non-cumulative,00:03:01,08-May-2015 17:28:03,08-May-2015 17:25,01-Apr-2014 To 31-Mar-2015,Old,01-Jan-2015,Non-Ind-AS,-,INE030A01027,N,01-Jan-201531-Mar-2015Q4UNNNAEHINDUNILVR,Quarterly,-,Fourth Quarter,,https://nsearchives.nseindia.com/archives/financial_results/financial_res_HINDUNILVR_127626.html,127626,HINDUNILVR,31-Mar-2015,https://nsearchives.nseindia.com/corporate/xbrl/-
Un-Audited,N,19-Jan-2015 18:37:02,Hindustan Unilever Limited,Non-Consolidated,Non-cumulative,00:03:01,19-Jan-2015 18:40:03,19-Jan-2015 18:37,01-Apr-2014 To 31-Mar-2015,Old,01-Oct-2014,Non-Ind-AS,-,INE030A01027,N,01-Oct-201431-Dec-2014Q3UNNNAEHINDUNILVR,Quarterly,-,Third Quarter,,https://nsearchives.nseindia.com/archives/financial_results/financial_res_HINDUNILVR_125094.html,125094,HINDUNILVR,31-Dec-2014,https://nsearchives.nseindia.com/corporate/xbrl/-
Un-Audited,N,29-Oct-2014 10:57:02,Hindustan Unilever Limited,Non-Consolidated,Non-cumulative,00:03:03,29-Oct-2014 11:00:05,29-Oct-2014 10:57,01-Apr-2014 To 31-Mar-2015,Old,01-Jul-2014,Non-Ind-AS,-,INE030A01027,N,01-Jul-201430-Sep-2014Q2UNNNAEHINDUNILVR,Quarterly,-,Second Quarter,,https://nsearchives.nseindia.com/archives/financial_results/financial_res_HINDUNILVR_123113.html,123113,HINDUNILVR,30-Sep-2014,https://nsearchives.nseindia.com/corporate/xbrl/-
Un-Audited,N,31-Jul-2014 13:33:02,Hindustan Unilever Limited,Non-Consolidated,Non-cumulative,00:03:00,31-Jul-2014 13:36:02,31-Jul-2014 13:33,01-Apr-2014 To 31-Mar-2015,Old,01-Apr-2014,Non-Ind-AS,-,INE030A01027,N,01-Apr-201430-Jun-2014Q1UNNNAEHINDUNILVR,Quarterly,-,First Quarter,,https://nsearchives.nseindia.com/archives/financial_results/financial_res_HINDUNILVR_120901.html,120901,HINDUNILVR,30-Jun-2014,https://nsearchives.nseindia.com/corporate/xbrl/-
Un-Audited,N,29-Apr-2014 16:13:02,Hindustan Unilever Limited,Non-Consolidated,Non-cumulative,00:03:00,29-Apr-2014 16:16:02,29-Apr-2014 16:13,01-Apr-2013 To 31-Mar-2014,Old,01-Jan-2014,Non-Ind-AS,-,INE030A01027,N,01-Jan-201431-Mar-2014Q4UNNNAEHINDUNILVR,Quarterly,-,Fourth Quarter,,https://nsearchives.nseindia.com/archives/financial_results/financial_res_HINDUNILVR_116444.html,116444,HINDUNILVR,31-Mar-2014,https://nsearchives.nseindia.com/corporate/xbrl/-
Un-Audited,N,28-Jan-2014 14:29:02,Hindustan Unilever Limited,Non-Consolidated,Non-cumulative,00:03:01,28-Jan-2014 14:32:03,28-Jan-2014 14:29,01-Apr-2013 To 31-Mar-2014,Old,01-Oct-2013,Non-Ind-AS,-,INE030A01027,N,01-Oct-201331-Dec-2013Q3UNNNAEHINDUNILVR,Quarterly,-,Third Quarter,,https://nsearchives.nseindia.com/archives/financial_results/financial_res_HINDUNILVR_114144.html,114144,HINDUNILVR,31-Dec-2013,https://nsearchives.nseindia.com/corporate/xbrl/-
Un-Audited,N,01-Nov-2013 16:37:02,Hindustan Unilever Limited,Non-Consolidated,Non-cumulative,00:03:02,01-Nov-2013 16:40:04,01-Nov-2013 16:37,01-Apr-2013 To 31-Mar-2014,Old,01-Jul-2013,Non-Ind-AS,-,INE030A01027,N,01-Jul-201330-Sep-2013Q2UNNNAEHINDUNILVR,Quarterly,-,Second Quarter,,https://nsearchives.nseindia.com/archives/financial_results/financial_res_HINDUNILVR_111819.html,111819,HINDUNILVR,30-Sep-2013,https://nsearchives.nseindia.com/corporate/xbrl/-
Un-Audited,N,29-Jul-2013 11:17:01,Hindustan Unilever Limited,Non-Consolidated,Non-cumulative,00:03:03,29-Jul-2013 11:20:04,29-Jul-2013 11:17,01-Apr-2013 To 31-Mar-2014,Old,01-Apr-2013,Non-Ind-AS,-,INE030A01027,N,01-Apr-201330-Jun-2013Q1UNNNAEHINDUNILVR,Quarterly,-,First Quarter,,https://nsearchives.nseindia.com/archives/financial_results/financial_res_HINDUNILVR_109285.html,109285,HINDUNILVR,30-Jun-2013,https://nsearchives.nseindia.com/corporate/xbrl/-
Un-Audited,N,11-May-2013 15:25:02,Hindustan Unilever Limited,Non-Consolidated,Non-cumulative,00:03:01,11-May-2013 15:28:03,11-May-2013 15:25,01-Apr-2012 To 31-Mar-2013,Old,01-Jan-2013,Non-Ind-AS,-,INE030A01027,N,01-Jan-201331-Mar-2013Q4UNNNAEHINDUNILVR,Quarterly,-,Fourth Quarter,,https://nsearchives.nseindia.com/archives/financial_results/financial_res_HINDUNILVR_104663.html,104663,HINDUNILVR,31-Mar-2013,https://nsearchives.nseindia.com/corporate/xbrl/-
Un-Audited,N,22-Jan-2013 16:44:40,Hindustan Unilever Limited,Non-Consolidated,Non-cumulative,::,,23-Jan-2013 16:17,01-Apr-2012 To 31-Mar-2013,Old,01-Oct-2012,Non-Ind-AS,-,INE030A01027,N,01-Oct-201231-Dec-2012Q3UNNNAEHINDUNILVR,Quarterly,-,Third Quarter,,https://nsearchives.nseindia.com/archives/financial_results/financial_res_HINDUNILVR_102146.html,102146,HINDUNILVR,31-Dec-2012,https://nsearchives.nseindia.com/corporate/xbrl/-
Un-Audited,N,26-Oct-2012 18:05:09,Hindustan Unilever Limited,Non-Consolidated,Non-cumulative,::,,26-Oct-2012 18:17,01-Apr-2012 To 31-Mar-2013,Old,01-Jul-2012,Non-Ind-AS,-,INE030A01027,N,01-Jul-201230-Sep-2012Q2UNNNAEHINDUNILVR,Quarterly,-,Second Quarter,,https://nsearchives.nseindia.com/archives/financial_results/financial_res_HINDUNILVR_100080.html,100080,HINDUNILVR,30-Sep-2012,https://nsearchives.nseindia.com/corporate/xbrl/-
Un-Audited,N,23-Jul-2012 18:50:39,Hindustan Unilever Limited,Non-Consolidated,Non-cumulative,::,,23-Jul-2012 20:08,01-Apr-2012 To 31-Mar-2013,Old,01-Apr-2012,Non-Ind-AS,-,INE030A01027,N,01-Apr-201230-Jun-2012Q1UNNNAEHINDUNILVR,Quarterly,-,First Quarter,,https://nsearchives.nseindia.com/archives/financial_results/financial_res_HINDUNILVR_97468.html,97468,HINDUNILVR,30-Jun-2012,https://nsearchives.nseindia.com/corporate/xbrl/-
Audited,N,09-May-2012 12:42:59,Hindustan Unilever Limited,Non-Consolidated,Non-cumulative,::,,14-May-2012 12:45,01-Apr-2011 To 31-Mar-2012,Old,01-Jan-2012,Non-Ind-AS,-,INE030A01027,,01-Jan-201231-Mar-2012Q4ANNNAEHINDUNILVR,Quarterly,-,Fourth Quarter,,https://nsearchives.nseindia.com/archives/financial_results/financial_res_HINDUNILVR_94072.html,94072,HINDUNILVR,31-Mar-2012,https://nsearchives.nseindia.com/corporate/xbrl/-
Un-Audited,N,06-Feb-2012 14:41:49,Hindustan Unilever Limited,Non-Consolidated,Non-cumulative,::,,06-Feb-2012 15:05,01-Apr-2011 To 31-Mar-2012,Old,01-Oct-2011,Non-Ind-AS,-,INE030A01027,,01-Oct-201131-Dec-2011Q3UNNNAEHINDUNILVR,Quarterly,-,Third Quarter,,https://nsearchives.nseindia.com/archives/financial_results/financial_res_HINDUNILVR_92085.html,92085,HINDUNILVR,31-Dec-2011,https://nsearchives.nseindia.com/corporate/xbrl/-
Un-Audited,N,31-Oct-2011 13:55:53,Hindustan Unilever Limited,Non-Consolidated,Non-cumulative,::,,31-Oct-2011 14:38,01-Apr-2011 To 31-Mar-2012,Old,01-Jul-2011,Non-Ind-AS,-,INE030A01027,,01-Jul-201130-Sep-2011Q2UNNNAEHINDUNILVR,Quarterly,-,Second Quarter,,https://nsearchives.nseindia.com/archives/financial_results/financial_res_HINDUNILVR_89654.html,89654,HINDUNILVR,30-Sep-2011,https://nsearchives.nseindia.com/corporate/xbrl/-
Un-Audited,N,28-Jul-2011 12:23:10,Hindustan Unilever Limited,Non-Consolidated,Non-cumulative,::,,28-Jul-2011 12:30,01-Apr-2011 To 31-Mar-2012,Old,01-Apr-2011,Non-Ind-AS,-,INE030A01027,,01-Apr-201130-Jun-2011Q1UNNNAEHINDUNILVR,Quarterly,-,First Quarter,,https://nsearchives.nseindia.com/archives/financial_results/financial_res_HINDUNILVR_87129.html,87129,HINDUNILVR,30-Jun-2011,https://nsearchives.nseindia.com/corporate/xbrl/-
Un-Audited,N,09-May-2011 14:04:57,Hindustan Unilever Limited,Non-Consolidated,Non-cumulative,::,,09-May-2011 14:14,01-Apr-2010 To 31-Mar-2011,Old,01-Jan-2011,Non-Ind-AS,-,INE030A01027,,01-Jan-201131-Mar-2011Q4UNNNAEHINDUNILVR,Quarterly,-,Fourth Quarter,,https://nsearchives.nseindia.com/archives/financial_results/financial_res_HINDUNILVR_84254.html,84254,HINDUNILVR,31-Mar-2011,https://nsearchives.nseindia.com/corporate/xbrl/-
Un-Audited,N,25-Jan-2011 13:07:51,Hindustan Unilever Limited,Non-Consolidated,Non-cumulative,::,,25-Jan-2011 13:11,-,Old,01-Oct-2010,Non-Ind-AS,-,INE030A01027,,01-Oct-201031-Dec-2010Q3UNNNAEHINDUNILVR,Quarterly,-,Third Quarter,,https://nsearchives.nseindia.com/archives/financial_results/financial_res_HINDUNILVR_81710.html,81710,HINDUNILVR,31-Dec-2010,https://nsearchives.nseindia.com/corporate/xbrl/-
Un-Audited,N,25-Oct-2010 13:57:42,Hindustan Unilever Limited,Non-Consolidated,Non-cumulative,::,,25-Oct-2010 14:10,-,Old,01-Jul-2010,Non-Ind-AS,-,INE030A01027,,01-Jul-201030-Sep-2010Q2UNNNAEHINDUNILVR,Quarterly,-,Second Quarter,,https://nsearchives.nseindia.com/archives/financial_results/financial_res_HINDUNILVR_78415.html,78415,HINDUNILVR,30-Sep-2010,https://nsearchives.nseindia.com/corporate/xbrl/-
Un-Audited,N,27-Jul-2010 11:43:31,Hindustan Unilever Limited,Non-Consolidated,Non-cumulative,::,,27-Jul-2010 12:00,-,Old,01-Apr-2010,Non-Ind-AS,-,INE030A01027,,01-Apr-201030-Jun-2010Q1UNNNAEHINDUNILVR,Quarterly,-,First Quarter,,https://nsearchives.nseindia.com/archives/financial_results/financial_res_HINDUNILVR_76020.html,76020,HINDUNILVR,30-Jun-2010,https://nsearchives.nseindia.com/corporate/xbrl/-
Un-Audited,N,25-May-2010 15:49:44,Hindustan Unilever Limited,Non-Consolidated,Non-cumulative,::,,25-May-2010 15:58,-,Old,01-Jan-2010,Non-Ind-AS,-,INE030A01027,,01-Jan-201031-Mar-2010Q4UNNNAEHINDUNILVR,Quarterly,-,Fourth Quarter,,https://nsearchives.nseindia.com/archives/financial_results/financial_res_HINDUNILVR_74423.html,74423,HINDUNILVR,31-Mar-2010,https://nsearchives.nseindia.com/corporate/xbrl/-
Un-Audited,N,27-Jan-2010 08:27:08,Hindustan Unilever Limited,Non-Consolidated,Non-cumulative,::,,27-Jan-2010 08:39,-,Old,01-Oct-2009,Non-Ind-AS,-,INE030A01027,,01-Oct-200931-Dec-2009Q3UNNNAEHINDUNILVR,Quarterly,-,Third Quarter,,https://nsearchives.nseindia.com/archives/financial_results/financial_res_HINDUNILVR_71302.html,71302,HINDUNILVR,31-Dec-2009,https://nsearchives.nseindia.com/corporate/xbrl/-
Un-Audited,N,31-Oct-2009 14:41:55,Hindustan Unilever Limited,Non-Consolidated,Non-cumulative,::,,31-Oct-2009 15:10,-,Old,01-Jul-2009,Non-Ind-AS,-,INE030A01027,,01-Jul-200930-Sep-2009Q2UNNNAEHINDUNILVR,Quarterly,-,Second Quarter,,https://nsearchives.nseindia.com/archives/financial_results/financial_res_HINDUNILVR_69851.html,69851,HINDUNILVR,30-Sep-2009,https://nsearchives.nseindia.com/corporate/xbrl/-
Un-Audited,N,28-Jul-2009 14:21:46,Hindustan Unilever Limited,Non-Consolidated,Non-cumulative,::,,28-Jul-2009 14:28,-,Old,01-Apr-2009,Non-Ind-AS,-,INE030A01027,,01-Apr-200930-Jun-2009Q1UNNNAEHINDUNILVR,Quarterly,-,First Quarter,,https://nsearchives.nseindia.com/archives/financial_results/financial_res_HINDUNILVR_66228.html,66228,HINDUNILVR,30-Jun-2009,https://nsearchives.nseindia.com/corporate/xbrl/-
Un-Audited,N,27-Jan-2009 07:55:15,Hindustan Unilever Limited,Non-Consolidated,Non-cumulative,::,,27-Jan-2009 08:12,-,Old,01-Oct-2008,Non-Ind-AS,-,INE030A01027,,01-Oct-200831-Dec-2008Q4UNNNAEHINDUNILVR,Quarterly,-,Fourth Quarter,,https://nsearchives.nseindia.com/archives/financial_results/financial_res_HINDUNILVR_61247.html,61247,HINDUNILVR,31-Dec-2008,https://nsearchives.nseindia.com/corporate/xbrl/-
Un-Audited,N,24-Oct-2008 12:48:57,Hindustan Unilever Limited,Non-Consolidated,Non-cumulative,::,,24-Oct-2008 12:52,-,Old,01-Jul-2008,Non-Ind-AS,-,INE030A01027,,01-Jul-200830-Sep-2008Q3UNNNAEHINDUNILVR,Quarterly,-,Third Quarter,,https://nsearchives.nseindia.com/archives/financial_results/financial_res_HINDUNILVR_58636.html,58636,HINDUNILVR,30-Sep-2008,https://nsearchives.nseindia.com/corporate/xbrl/-
Un-Audited,N,25-Jul-2008 15:32:26,Hindustan Unilever Limited,Non-Consolidated,Non-cumulative,::,,25-Jul-2008 15:40,-,Old,01-Apr-2008,Non-Ind-AS,-,INE030A01027,,01-Apr-200830-Jun-2008Q2UNNNAEHINDUNILVR,Quarterly,-,Second Quarter,,https://nsearchives.nseindia.com/archives/financial_results/financial_res_HINDUNILVR_56220.html,56220,HINDUNILVR,30-Jun-2008,https://nsearchives.nseindia.com/corporate/xbrl/-
Un-Audited,N,28-Apr-2008 16:48:28,Hindustan Unilever Limited,Non-Consolidated,Non-cumulative,::,,28-Apr-2008 17:04,-,Old,01-Jan-2008,Non-Ind-AS,-,INE030A01027,,01-Jan-200831-Mar-2008Q1UNNNAEHINDUNILVR,Quarterly,-,First Quarter,,https://nsearchives.nseindia.com/archives/financial_results/financial_res_HINDUNILVR_53352.html,53352,HINDUNILVR,31-Mar-2008,https://nsearchives.nseindia.com/corporate/xbrl/-
Un-Audited,N,13-Feb-2008 13:04:02,Hindustan Unilever Limited,Non-Consolidated,Non-cumulative,::,,13-Feb-2008 13:36,-,Old,01-Oct-2007,Non-Ind-AS,-,INE030A01027,,01-Oct-200731-Dec-2007Q4UNNNAEHINDUNILVR,Quarterly,-,Fourth Quarter,,https://nsearchives.nseindia.com/archives/financial_results/financial_res_HINDUNILVR_52693.html,52693,HINDUNILVR,31-Dec-2007,https://nsearchives.nseindia.com/corporate/xbrl/-
Un-Audited,N,31-Oct-2007 12:51:51,Hindustan Unilever Limited,Non-Consolidated,Non-cumulative,::,,31-Oct-2007 13:42,-,Old,01-Jul-2007,Non-Ind-AS,-,INE030A01027,,01-Jul-200730-Sep-2007Q3UNNNAEHINDUNILVR,Quarterly,-,Third Quarter,,https://nsearchives.nseindia.com/archives/financial_results/financial_res_HINDUNILVR_50459.html,50459,HINDUNILVR,30-Sep-2007,https://nsearchives.nseindia.com/corporate/xbrl/-
Un-Audited,N,30-Jul-2007 09:19:12,Hindustan Unilever Limited,Non-Consolidated,Non-cumulative,::,,30-Jul-2007 09:48,-,Old,01-Apr-2007,Non-Ind-AS,-,INE030A01027,,01-Apr-200730-Jun-2007Q2UNNNAEHINDUNILVR,Quarterly,-,Second Quarter,,https://nsearchives.nseindia.com/archives/financial_results/financial_res_HINDUNILVR_47519.html,47519,HINDUNILVR,30-Jun-2007,https://nsearchives.nseindia.com/corporate/xbrl/-
Un-Audited,N,,Hindustan Unilever Limited,Non-Consolidated,Non-cumulative,::,,30-Apr-2007 13:56,-,Old,01-Jan-2007,Non-Ind-AS,-,INE030A01027,,01-Jan-200731-Mar-2007Q1UNNNAEHINDUNILVR,Quarterly,-,First Quarter,,https://nsearchives.nseindia.com/archives/financial_results/financial_res_HINDUNILVR_44800.html,44800,HINDUNILVR,31-Mar-2007,https://nsearchives.nseindia.com/corporate/xbrl/-
Un-Audited,N,,Hindustan Unilever Limited,Non-Consolidated,Non-cumulative,::,,20-Feb-2007 13:31,-,Old,01-Oct-2006,Non-Ind-AS,-,INE030A01027,,01-Oct-200631-Dec-2006Q4UNNNAEHINDUNILVR,Quarterly,-,Fourth Quarter,,https://nsearchives.nseindia.com/archives/financial_results/financial_res_HINDUNILVR_44058.html,44058,HINDUNILVR,31-Dec-2006,https://nsearchives.nseindia.com/corporate/xbrl/-
Un-Audited,N,,Hindustan Unilever Limited,Non-Consolidated,Non-cumulative,::,,-,-,Old,01-Jul-2006,Non-Ind-AS,-,INE030A01027,,01-Jul-200630-Sep-2006Q3UNNNAEHINDUNILVR,Quarterly,-,Third Quarter,,https://nsearchives.nseindia.com/archives/financial_results/financial_res_HINDUNILVR_42080.html,42080,HINDUNILVR,30-Sep-2006,https://nsearchives.nseindia.com/corporate/xbrl/-
Un-Audited,N,,Hindustan Unilever Limited,Non-Consolidated,Non-cumulative,::,,-,-,Old,01-Apr-2006,Non-Ind-AS,-,INE030A01027,,01-Apr-200630-Jun-2006Q2UNNNAEHINDUNILVR,Quarterly,-,Second Quarter,,https://nsearchives.nseindia.com/archives/financial_results/financial_res_HINDUNILVR_40063.html,40063,HINDUNILVR,30-Jun-2006,https://nsearchives.nseindia.com/corporate/xbrl/-
Un-Audited,N,,Hindustan Unilever Limited,Non-Consolidated,Non-cumulative,::,,-,-,Old,01-Jan-2006,Non-Ind-AS,-,INE030A01027,,01-Jan-200631-Mar-2006Q1UNNNAEHINDUNILVR,Quarterly,-,First Quarter,,https://nsearchives.nseindia.com/archives/financial_results/financial_res_HINDUNILVR_37886.html,37886,HINDUNILVR,31-Mar-2006,https://nsearchives.nseindia.com/corporate/xbrl/-
Un-Audited,N,,Hindustan Unilever Limited,Non-Consolidated,Non-cumulative,::,,-,-,Old,01-Oct-2005,Non-Ind-AS,-,INE030A01027,,01-Oct-200531-Dec-2005Q4UNNNAEHINDUNILVR,Quarterly,-,Fourth Quarter,,https://nsearchives.nseindia.com/archives/financial_results/financial_res_HINDUNILVR_36122.html,36122,HINDUNILVR,31-Dec-2005,https://nsearchives.nseindia.com/corporate/xbrl/-
Un-Audited,N,,Hindustan Unilever Limited,Non-Consolidated,Non-cumulative,::,,-,-,Old,01-Jul-2005,Non-Ind-AS,-,INE030A01027,,01-Jul-200530-Sep-2005Q3UNNNAEHINDUNILVR,Quarterly,-,Third Quarter,,https://nsearchives.nseindia.com/archives/financial_results/financial_res_HINDUNILVR_35468.html,35468,HINDUNILVR,30-Sep-2005,https://nsearchives.nseindia.com/corporate/xbrl/-
Un-Audited,N,,Hindustan Unilever Limited,Non-Consolidated,Non-cumulative,::,,-,-,Old,01-Apr-2005,Non-Ind-AS,-,INE030A01027,,01-Apr-200530-Jun-2005Q2UNNNAEHINDUNILVR,Quarterly,-,Second Quarter,,https://nsearchives.nseindia.com/archives/financial_results/financial_res_HINDUNILVR_33493.html,33493,HINDUNILVR,30-Jun-2005,https://nsearchives.nseindia.com/corporate/xbrl/-
Un-Audited,N,,Hindustan Unilever Limited,Non-Consolidated,Non-cumulative,::,,-,-,Old,01-Jan-2005,Non-Ind-AS,-,INE030A01027,,01-Jan-200531-Mar-2005Q1UNNNAEHINDUNILVR,Quarterly,-,First Quarter,,https://nsearchives.nseindia.com/archives/financial_results/financial_res_HINDUNILVR_31679.html,31679,HINDUNILVR,31-Mar-2005,https://nsearchives.nseindia.com/corporate/xbrl/-
Audited,N,24-Apr-2024 21:05:53,Hindustan Unilever Limited,Consolidated,Cumulative,00:02:23,24-Apr-2024 21:08:16,24-Apr-2024 21:05,01-Apr-2023 To 31-Mar-2024,New,01-Apr-2023,Ind-AS New,-,INE030A01027,N,01-Apr-202331-Mar-2024ANANCCNEHINDUNILVR,Annual,N,Annual,,,1169312,HINDUNILVR,31-Mar-2024,https://nsearchives.nseindia.com/corporate/xbrl/INDAS_104688_1107608_24042024090551.xml
Audited,N,24-Apr-2024 20:37:21,Hindustan Unilever Limited,Non-Consolidated,Cumulative,00:02:57,24-Apr-2024 20:40:18,24-Apr-2024 20:37,01-Apr-2023 To 31-Mar-2024,New,01-Apr-2023,Ind-AS New,-,INE030A01027,N,01-Apr-202331-Mar-2024ANANCNNEHINDUNILVR,Annual,N,Annual,,,1169308,HINDUNILVR,31-Mar-2024,https://nsearchives.nseindia.com/corporate/xbrl/INDAS_104686_1107593_24042024083719.xml
Audited,N,28-Apr-2023 09:29:02,Hindustan Unilever Limited,Consolidated,Cumulative,00:05:01,28-Apr-2023 09:34:03,28-Apr-2023 09:29,01-Apr-2022 To 31-Mar-2023,New,01-Apr-2022,Ind-AS New,-,INE030A01027,N,01-Apr-202231-Mar-2023ANANCCNEHINDUNILVR,Annual,N,Annual,,,1145501,HINDUNILVR,31-Mar-2023,https://nsearchives.nseindia.com/corporate/xbrl/INDAS_90934_834226_28042023092900.xml
Audited,N,28-Apr-2023 09:25:57,Hindustan Unilever Limited,Non-Consolidated,Cumulative,00:04:05,28-Apr-2023 09:30:02,28-Apr-2023 09:25,01-Apr-2022 To 31-Mar-2023,New,01-Apr-2022,Ind-AS New,-,INE030A01027,N,01-Apr-202231-Mar-2023ANANCNNEHINDUNILVR,Annual,N,Annual,,,1145499,HINDUNILVR,31-Mar-2023,https://nsearchives.nseindia.com/corporate/xbrl/INDAS_90933_834223_28042023092556.xml
Audited,N,28-Apr-2022 15:38:53,Hindustan Unilever Limited,Consolidated,Cumulative,00:01:42,28-Apr-2022 15:40:35,28-Apr-2022 15:38,01-Apr-2021 To 31-Mar-2022,New,01-Apr-2021,Ind-AS New,-,INE030A01027,N,01-Apr-202131-Mar-2022ANANCCNEHINDUNILVR,Annual,N,Annual,,,1131278,HINDUNILVR,31-Mar-2022,https://nsearchives.nseindia.com/corporate/xbrl/INDAS_83699_648985_28042022033852_WEB.xml
Audited,N,28-Apr-2022 15:37:07,Hindustan Unilever Limited,Non-Consolidated,Cumulative,00:03:26,28-Apr-2022 15:40:33,28-Apr-2022 15:37,01-Apr-2021 To 31-Mar-2022,New,01-Apr-2021,Ind-AS New,-,INE030A01027,N,01-Apr-202131-Mar-2022ANANCNNEHINDUNILVR,Annual,N,Annual,,,1131276,HINDUNILVR,31-Mar-2022,https://nsearchives.nseindia.com/corporate/xbrl/INDAS_83698_648982_28042022033706_WEB.xml
Audited,N,29-Apr-2021 22:30:44,Hindustan Unilever Limited,Non-Consolidated,Cumulative,00:03:21,29-Apr-2021 22:34:05,29-Apr-2021 22:30,01-Apr-2020 To 31-Mar-2021,New,01-Apr-2020,Ind-AS New,-,INE030A01027,N,01-Apr-202031-Mar-2021ANANCNNEHINDUNILVR,Annual,N,Annual,,,1106739,HINDUNILVR,31-Mar-2021,https://nsearchives.nseindia.com/corporate/xbrl/INDAS_69544_444929_29042021103041_WEB.xml
Audited,N,29-Apr-2021 22:27:31,Hindustan Unilever Limited,Consolidated,Cumulative,00:02:42,29-Apr-2021 22:30:13,29-Apr-2021 22:27,01-Apr-2020 To 31-Mar-2021,New,01-Apr-2020,Ind-AS New,-,INE030A01027,N,01-Apr-202031-Mar-2021ANANCCNEHINDUNILVR,Annual,N,Annual,,,1106737,HINDUNILVR,31-Mar-2021,https://nsearchives.nseindia.com/corporate/xbrl/INDAS_69543_444926_29042021102728_WEB.xml
Audited,N,03-Jun-2020 11:30:53,Hindustan Unilever Limited,Consolidated,Cumulative,00:03:25,03-Jun-2020 11:34:18,03-Jun-2020 11:30,01-Apr-2019 To 31-Mar-2020,New,01-Apr-2019,Ind-AS New,-,INE030A01027,N,01-Apr-201931-Mar-2020ANANCCNEHINDUNILVR,Annual,N,Annual,,,1081412,HINDUNILVR,31-Mar-2020,https://nsearchives.nseindia.com/corporate/xbrl/INDAS_54970_246283_30042020071819_WEB.xml
Audited,N,30-Apr-2020 19:12:47,Hindustan Unilever Limited,Non-Consolidated,Cumulative,00:03:19,30-Apr-2020 19:16:06,30-Apr-2020 19:12,01-Apr-2019 To 31-Mar-2020,New,01-Apr-2019,Ind-AS New,-,INE030A01027,N,01-Apr-201931-Mar-2020ANANCNNEHINDUNILVR,Annual,N,Annual,,,1081408,HINDUNILVR,31-Mar-2020,https://nsearchives.nseindia.com/corporate/xbrl/INDAS_54968_246263_30042020071246_WEB.xml
Audited,N,09-May-2019 19:01:24,Hindustan Unilever Limited,Consolidated,Cumulative,00:02:38,09-May-2019 19:04:02,09-May-2019 19:01,01-Apr-2018 To 31-Mar-2019,New,01-Apr-2018,Ind-AS New,-,INE030A01027,N,01-Apr-201831-Mar-2019ANANCCNEHINDUNILVR,Annual,N,Annual,,,1059501,HINDUNILVR,31-Mar-2019,https://nsearchives.nseindia.com/corporate/xbrl/INDAS_43797_100479_03052019063834_WEB.xml
Audited,N,09-May-2019 18:58:00,Hindustan Unilever Limited,Non-Consolidated,Cumulative,00:03:15,09-May-2019 19:01:15,09-May-2019 18:58,01-Apr-2018 To 31-Mar-2019,New,01-Apr-2018,Ind-AS New,-,INE030A01027,N,01-Apr-201831-Mar-2019ANANCNNEHINDUNILVR,Annual,N,Annual,,,1059499,HINDUNILVR,31-Mar-2019,https://nsearchives.nseindia.com/corporate/xbrl/INDAS_43796_100477_03052019063534_WEB.xml
Audited,N,26-May-2018 17:14:28,Hindustan Unilever Limited,Non-Consolidated,Cumulative,00:03:46,26-May-2018 17:18:14,26-May-2018 17:14,01-Apr-2017 To 31-Mar-2018,New,01-Apr-2017,Ind-AS New,-,INE030A01027,N,01-Apr-201731-Mar-2018ANANCNNEHINDUNILVR,Annual,N,Annual,,,1040315,HINDUNILVR,31-Mar-2018,https://nsearchives.nseindia.com/corporate/xbrl/INDAS_35156_9435_15052018013145_WEB.xml
Audited,N,26-May-2018 17:10:45,Hindustan Unilever Limited,Consolidated,Cumulative,00:03:18,26-May-2018 17:14:03,26-May-2018 17:10,01-Apr-2017 To 31-Mar-2018,New,01-Apr-2017,Ind-AS New,-,INE030A01027,N,01-Apr-201731-Mar-2018ANANCCNEHINDUNILVR,Annual,N,Annual,,,1040317,HINDUNILVR,31-Mar-2018,https://nsearchives.nseindia.com/corporate/xbrl/INDAS_35157_9437_15052018013448_WEB.xml
Audited,N,08-Jun-2017 14:25:31,Hindustan Unilever Limited,Consolidated,Cumulative,00:03:07,08-Jun-2017 14:28:38,08-Jun-2017 14:25,01-Apr-2015 To 31-Mar-2016,Old,01-Apr-2015,Ind-AS New,-,INE030A01027,N,01-Apr-201531-Mar-2016ANANCCNEHINDUNILVR,Annual,N,Annual,,https://nsearchives.nseindia.com/archives/financial_results/financial_res_HINDUNILVR_1022464.html,1022464,HINDUNILVR,31-Mar-2016,https://nsearchives.nseindia.com/corporate/xbrl/-
Audited,N,08-Jun-2017 14:25:30,Hindustan Unilever Limited,Consolidated,Cumulative,00:02:59,08-Jun-2017 14:28:29,08-Jun-2017 14:25,01-Apr-2016 To 31-Mar-2017,Old,01-Apr-2016,Ind-AS New,-,INE030A01027,N,01-Apr-201631-Mar-2017ANANCCNEHINDUNILVR,Annual,N,Annual,,https://nsearchives.nseindia.com/archives/financial_results/financial_res_HINDUNILVR_1022463.html,1022463,HINDUNILVR,31-Mar-2017,https://nsearchives.nseindia.com/corporate/xbrl/-
Audited,N,08-Jun-2017 14:25:28,Hindustan Unilever Limited,Non-Consolidated,Cumulative,00:02:44,08-Jun-2017 14:28:12,08-Jun-2017 14:25,01-Apr-2016 To 31-Mar-2017,Old,01-Apr-2016,Ind-AS New,-,INE030A01027,N,01-Apr-201631-Mar-2017ANANCNNEHINDUNILVR,Annual,N,Annual,,https://nsearchives.nseindia.com/archives/financial_results/financial_res_HINDUNILVR_1022461.html,1022461,HINDUNILVR,31-Mar-2017,https://nsearchives.nseindia.com/corporate/xbrl/-
Audited,N,08-Jun-2017 14:25:28,Hindustan Unilever Limited,Non-Consolidated,Cumulative,00:02:53,08-Jun-2017 14:28:21,08-Jun-2017 14:25,01-Apr-2015 To 31-Mar-2016,Old,01-Apr-2015,Ind-AS New,-,INE030A01027,N,01-Apr-201531-Mar-2016ANANCNNEHINDUNILVR,Annual,N,Annual,,https://nsearchives.nseindia.com/archives/financial_results/financial_res_HINDUNILVR_1022462.html,1022462,HINDUNILVR,31-Mar-2016,https://nsearchives.nseindia.com/corporate/xbrl/-
Audited,N,10-May-2016 10:59:47,Hindustan Unilever Limited,Consolidated,Cumulative,00:02:16,10-May-2016 11:02:03,10-May-2016 10:59,01-Apr-2015 To 31-Mar-2016,Old,01-Apr-2015,Non-Ind-AS,-,INE030A01027,N,01-Apr-201531-Mar-2016ANANCCAEHINDUNILVR,Annual,-,Annual,,https://nsearchives.nseindia.com/archives/financial_results/financial_res_HINDUNILVR_1006832.html,1006832,HINDUNILVR,31-Mar-2016,https://nsearchives.nseindia.com/corporate/xbrl/-
Audited,N,10-May-2016 10:59:47,Hindustan Unilever Limited,Non-Consolidated,Cumulative,00:02:23,10-May-2016 11:02:10,10-May-2016 10:59,01-Apr-2015 To 31-Mar-2016,Old,01-Apr-2015,Non-Ind-AS,-,INE030A01027,N,01-Apr-201531-Mar-2016ANANCNAEHINDUNILVR,Annual,-,Annual,,https://nsearchives.nseindia.com/archives/financial_results/financial_res_HINDUNILVR_1006831.html,1006831,HINDUNILVR,31-Mar-2016,https://nsearchives.nseindia.com/corporate/xbrl/-
Audited,N,08-May-2015 17:25:03,Hindustan Unilever Limited,Non-Consolidated,Cumulative,00:03:00,08-May-2015 17:28:03,08-May-2015 17:25,01-Apr-2014 To 31-Mar-2015,Old,01-Apr-2014,Non-Ind-AS,-,INE030A01027,N,01-Apr-201431-Mar-2015ANANCNAEHINDUNILVR,Annual,-,Annual,,https://nsearchives.nseindia.com/archives/financial_results/financial_res_HINDUNILVR_127628.html,127628,HINDUNILVR,31-Mar-2015,https://nsearchives.nseindia.com/corporate/xbrl/-
Audited,N,08-May-2015 17:25:03,Hindustan Unilever Limited,Consolidated,Cumulative,00:03:00,08-May-2015 17:28:03,08-May-2015 17:25,01-Apr-2014 To 31-Mar-2015,Old,01-Apr-2014,Non-Ind-AS,-,INE030A01027,N,01-Apr-201431-Mar-2015ANANCCAEHINDUNILVR,Annual,-,Annual,,https://nsearchives.nseindia.com/archives/financial_results/financial_res_HINDUNILVR_127627.html,127627,HINDUNILVR,31-Mar-2015,https://nsearchives.nseindia.com/corporate/xbrl/-
Audited,N,29-Apr-2014 16:13:02,Hindustan Unilever Limited,Non-Consolidated,Cumulative,00:03:00,29-Apr-2014 16:16:02,29-Apr-2014 16:13,01-Apr-2013 To 31-Mar-2014,Old,01-Apr-2013,Non-Ind-AS,-,INE030A01027,N,01-Apr-201331-Mar-2014ANANCNAEHINDUNILVR,Annual,-,Annual,,https://nsearchives.nseindia.com/archives/financial_results/financial_res_HINDUNILVR_116443.html,116443,HINDUNILVR,31-Mar-2014,https://nsearchives.nseindia.com/corporate/xbrl/-
Audited,N,29-Apr-2014 16:13:01,Hindustan Unilever Limited,Consolidated,Cumulative,00:03:01,29-Apr-2014 16:16:02,29-Apr-2014 16:13,01-Apr-2013 To 31-Mar-2014,Old,01-Apr-2013,Non-Ind-AS,-,INE030A01027,N,01-Apr-201331-Mar-2014ANANCCAEHINDUNILVR,Annual,-,Annual,,https://nsearchives.nseindia.com/archives/financial_results/financial_res_HINDUNILVR_116442.html,116442,HINDUNILVR,31-Mar-2014,https://nsearchives.nseindia.com/corporate/xbrl/-
Audited,N,30-Apr-2013 21:33:03,Hindustan Unilever Limited,Non-Consolidated,Cumulative,00:02:59,30-Apr-2013 21:36:02,30-Apr-2013 21:33,01-Apr-2012 To 31-Mar-2013,Old,01-Apr-2012,Non-Ind-AS,-,INE030A01027,N,01-Apr-201231-Mar-2013ANANCNAEHINDUNILVR,Annual,-,Annual,,https://nsearchives.nseindia.com/archives/financial_results/financial_res_HINDUNILVR_104283.html,104283,HINDUNILVR,31-Mar-2013,https://nsearchives.nseindia.com/corporate/xbrl/-
Audited,N,30-Apr-2013 21:33:02,Hindustan Unilever Limited,Consolidated,Cumulative,00:03:00,30-Apr-2013 21:36:02,30-Apr-2013 21:33,01-Apr-2012 To 31-Mar-2013,Old,01-Apr-2012,Non-Ind-AS,-,INE030A01027,N,01-Apr-201231-Mar-2013ANANCCAEHINDUNILVR,Annual,-,Annual,,https://nsearchives.nseindia.com/archives/financial_results/financial_res_HINDUNILVR_104282.html,104282,HINDUNILVR,31-Mar-2013,https://nsearchives.nseindia.com/corporate/xbrl/-
Audited,N,10-May-2012 10:30:53,Hindustan Unilever Limited,Consolidated,Cumulative,::,,14-May-2012 12:45,01-Apr-2011 To 31-Mar-2012,Old,01-Apr-2011,Non-Ind-AS,-,INE030A01027,,01-Apr-201131-Mar-2012ANANCCAEHINDUNILVR,Annual,-,Annual,,https://nsearchives.nseindia.com/archives/financial_results/financial_res_HINDUNILVR_94179.html,94179,HINDUNILVR,31-Mar-2012,https://nsearchives.nseindia.com/corporate/xbrl/-
Audited,N,10-May-2012 10:14:03,Hindustan Unilever Limited,Non-Consolidated,Cumulative,::,,14-May-2012 12:45,01-Apr-2011 To 31-Mar-2012,Old,01-Apr-2011,Non-Ind-AS,-,INE030A01027,,01-Apr-201131-Mar-2012ANANCNAEHINDUNILVR,Annual,-,Annual,,https://nsearchives.nseindia.com/archives/financial_results/financial_res_HINDUNILVR_94177.html,94177,HINDUNILVR,31-Mar-2012,https://nsearchives.nseindia.com/corporate/xbrl/-
Audited,N,09-May-2011 14:08:38,Hindustan Unilever Limited,Consolidated,Cumulative,::,,09-May-2011 14:13,-,Old,01-Apr-2010,Non-Ind-AS,-,INE030A01027,,01-Apr-201031-Mar-2011ANANCCAEHINDUNILVR,Annual,-,Annual,,https://nsearchives.nseindia.com/archives/financial_results/financial_res_HINDUNILVR_84257.html,84257,HINDUNILVR,31-Mar-2011,https://nsearchives.nseindia.com/corporate/xbrl/-
Audited,N,09-May-2011 14:06:45,Hindustan Unilever Limited,Non-Consolidated,Cumulative,::,,09-May-2011 14:13,-,Old,01-Apr-2010,Non-Ind-AS,-,INE030A01027,,01-Apr-201031-Mar-2011ANANCNAEHINDUNILVR,Annual,-,Annual,,https://nsearchives.nseindia.com/archives/financial_results/financial_res_HINDUNILVR_84256.html,84256,HINDUNILVR,31-Mar-2011,https://nsearchives.nseindia.com/corporate/xbrl/-
Audited,N,25-May-2010 15:46:34,Hindustan Unilever Limited,Consolidated,Cumulative,::,,25-May-2010 15:58,-,Old,01-Apr-2009,Non-Ind-AS,-,INE030A01027,,01-Apr-200931-Mar-2010ANANCCAEHINDUNILVR,Annual,-,Annual,,https://nsearchives.nseindia.com/archives/financial_results/financial_res_HINDUNILVR_74422.html,74422,HINDUNILVR,31-Mar-2010,https://nsearchives.nseindia.com/corporate/xbrl/-
Audited,N,25-May-2010 15:43:01,Hindustan Unilever Limited,Non-Consolidated,Cumulative,::,,25-May-2010 15:48,-,Old,01-Apr-2009,Non-Ind-AS,-,INE030A01027,,01-Apr-200931-Mar-2010ANANCNAEHINDUNILVR,Annual,-,Annual,,https://nsearchives.nseindia.com/archives/financial_results/financial_res_HINDUNILVR_74421.html,74421,HINDUNILVR,31-Mar-2010,https://nsearchives.nseindia.com/corporate/xbrl/-
Audited,N,13-Feb-2008 13:12:39,Hindustan Unilever Limited,Consolidated,Cumulative,::,,13-Feb-2008 13:22,-,Old,01-Jan-2007,Non-Ind-AS,-,INE030A01027,,01-Jan-200731-Dec-2007ANANCCAEHINDUNILVR,Annual,-,Annual,,https://nsearchives.nseindia.com/archives/financial_results/financial_res_HINDUNILVR_52695.html,52695,HINDUNILVR,31-Dec-2007,https://nsearchives.nseindia.com/corporate/xbrl/-
Audited,N,13-Feb-2008 13:05:20,Hindustan Unilever Limited,Non-Consolidated,Cumulative,::,,13-Feb-2008 13:36,-,Old,01-Jan-2007,Non-Ind-AS,-,INE030A01027,,01-Jan-200731-Dec-2007ANANCNAEHINDUNILVR,Annual,-,Annual,,https://nsearchives.nseindia.com/archives/financial_results/financial_res_HINDUNILVR_52694.html,52694,HINDUNILVR,31-Dec-2007,https://nsearchives.nseindia.com/corporate/xbrl/-
Audited,N,,Hindustan Unilever Limited,Non-Consolidated,Cumulative,::,,20-Feb-2007 13:31,-,Old,01-Jan-2006,Non-Ind-AS,-,INE030A01027,,01-Jan-200631-Dec-2006ANANCNAEHINDUNILVR,Annual,-,Annual,,https://nsearchives.nseindia.com/archives/financial_results/financial_res_HINDUNILVR_44059.html,44059,HINDUNILVR,31-Dec-2006,https://nsearchives.nseindia.com/corporate/xbrl/-
Audited,N,,Hindustan Unilever Limited,Consolidated,Cumulative,::,,20-Feb-2007 13:09,-,Old,01-Jan-2006,Non-Ind-AS,-,INE030A01027,,01-Jan-200631-Dec-2006ANANCCAEHINDUNILVR,Annual,-,Annual,,https://nsearchives.nseindia.com/archives/financial_results/financial_res_HINDUNILVR_44057.html,44057,HINDUNILVR,31-Dec-2006,https://nsearchives.nseindia.com/corporate/xbrl/-
Audited,N,,Hindustan Unilever Limited,Consolidated,Cumulative,::,,-,-,Old,01-Jan-2005,Non-Ind-AS,-,INE030A01027,,01-Jan-200531-Dec-2005ANANCCAEHINDUNILVR,Annual,-,Annual,,https://nsearchives.nseindia.com/archives/financial_results/financial_res_HINDUNILVR_36989.html,36989,HINDUNILVR,31-Dec-2005,https://nsearchives.nseindia.com/corporate/xbrl/-
Audited,N,,Hindustan Unilever Limited,Non-Consolidated,Cumulative,::,,-,-,Old,01-Jan-2005,Non-Ind-AS,-,INE030A01027,,01-Jan-200531-Dec-2005ANANCNAEHINDUNILVR,Annual,-,Annual,,https://nsearchives.nseindia.com/archives/financial_results/financial_res_HINDUNILVR_36990.html,36990,HINDUNILVR,31-Dec-2005,https://nsearchives.nseindia.com/corporate/xbrl/-
